method,dataset,seed,bidirectional_chamfer,eps_stop,eval_eps_used,gen_chamfer,gen_manifold_dist,gt_to_learned_mean,gt_to_learned_p95,learned_to_gt_mean,learned_to_gt_p95,n_gt,n_learned,pred_FPrate,pred_manifold_dist,pred_on_mean_v,pred_precision,pred_recall,proj_manifold_dist,proj_steps,proj_true_dist,proj_v_residual
delta,2d_ellipse,173,0.01805219054222107,0.010489895939826965,0.010489895939826965,,,0.008720877580344677,0.023031288757920265,0.009331313893198967,0.022030632942914963,1024.0,4096.0,0.0,0.007210531737655401,2.0197614503558725e-05,1.0,0.2636986301369863,0.0071160453371703625,29.0,0.021196918562054634,3.848012420348823e-05
delta,2d_ellipse,271,0.015483936294913292,0.011541550979018211,0.011541550979018211,,,0.0068992068991065025,0.018311994150280952,0.00858472939580679,0.019167691469192505,1024.0,4096.0,0.0,0.007655675057321787,3.643401214503683e-05,1.0,0.25259515570934254,0.00633447989821434,29.0,0.01892237365245819,3.5263514291727915e-05
delta,2d_ellipse,509,0.013338793069124222,0.010896449908614159,0.010896449908614159,,,0.00560326874256134,0.015782726928591728,0.0077355243265628815,0.01911194995045662,1024.0,4096.0,0.0,0.006646440830081701,2.1211699277046137e-05,1.0,0.2581699346405229,0.005451515782624483,29.0,0.018380895256996155,3.1513012800132856e-05
delta,2d_ellipse,877,0.016843758523464203,0.008956361562013626,0.008956361562013626,,,0.007841045968234539,0.026927238330245018,0.00900271162390709,0.020985396578907967,1024.0,4096.0,0.0,0.006825143937021494,1.9442271877778694e-05,1.0,0.22333333333333333,0.006944478955119848,29.0,0.02197939157485962,3.0474402592517436e-05
delta,2d_ellipse,1123,0.013552089221775532,0.010466366074979305,0.010466366074979305,,,0.005947890691459179,0.010604079812765121,0.007604198530316353,0.014042474329471588,1024.0,4096.0,0.0,0.006866952404379845,2.1367592125898227e-05,1.0,0.2462686567164179,0.005676598288118839,29.0,0.02101324498653412,3.608832412282936e-05
delta,2d_figure_eight,173,0.06753341853618622,0.05295794829726219,0.05295794829726219,,,0.03473735973238945,0.07587412744760513,0.03279606252908707,0.07580600678920746,1024.0,4096.0,0.09833904561033482,0.043051108717918396,0.00048017845256254077,0.3944805194805195,0.801980198019802,0.03190181776881218,29.00146484375,0.05764654278755188,0.0005879343952983618
delta,2d_figure_eight,271,0.0721423327922821,0.05294431746006012,0.05294431746006012,,,0.036698270589113235,0.07955095916986465,0.03544406220316887,0.07721337676048279,1024.0,4096.0,0.10230849947534103,0.04384712502360344,0.0006477389251813293,0.36893203883495146,0.8028169014084507,0.034764789044857025,29.0,0.057226549834012985,0.0005876770010218024
delta,2d_figure_eight,509,0.061781659722328186,0.05014922842383385,0.05014922842383385,,,0.030041856691241264,0.054876457899808884,0.03173980116844177,0.05618409067392349,1024.0,4096.0,0.10142630744849446,0.04050678014755249,0.0004788390942849219,0.39717425431711145,0.8161290322580645,0.031010393053293228,29.0,0.05237462371587753,0.000733849941752851
delta,2d_figure_eight,877,0.040454357862472534,0.029510803520679474,0.029510803520679474,,,0.019910970702767372,0.04876731336116791,0.02054338902235031,0.049377668648958206,1024.0,4096.0,0.03483116192501994,0.026283791288733482,0.00017498870147392154,0.6597402597402597,0.7582089552238805,0.019208598881959915,29.00146484375,0.04177749902009964,0.0008189366781152785
delta,2d_figure_eight,1123,0.05094335228204727,0.04187918081879616,0.04187918081879616,,,0.024890946224331856,0.0471947081387043,0.026052407920360565,0.04914519190788269,1024.0,4096.0,0.06406833956219968,0.030368197709321976,0.0003308421582914889,0.5428571428571428,0.8142857142857143,0.02512553334236145,29.0,0.04470306634902954,0.0006815006490796804
delta,2d_looped_spiro,173,0.09292229264974594,0.028628671541810036,0.028628671541810036,,,0.017389928922057152,0.04064212739467621,0.07553236186504364,0.4301871955394745,1024.0,4096.0,0.02088841882601798,0.080561563372612,0.00016659912944305688,0.694980694980695,0.5732484076433121,0.07445989549160004,29.368896484375,0.10616287589073181,0.0007126379059627652
delta,2d_looped_spiro,271,0.02657061256468296,0.027994124218821526,0.027994124218821526,,,0.012947610579431057,0.03285371512174606,0.013623001985251904,0.03155338764190674,1024.0,4096.0,0.0005257623554153522,0.016887225210666656,0.00014657521387562156,0.9871794871794872,0.5273972602739726,0.011793532408773899,29.0,0.053443606942892075,8.017203072085977e-05
delta,2d_looped_spiro,509,0.09639197587966919,0.040753208100795746,0.040753208100795746,,,0.024881761521100998,0.0841437429189682,0.0715102106332779,0.40630483627319336,1024.0,4096.0,0.04084321475625823,0.0926576778292656,0.00036186567740514874,0.5706371191135734,0.6843853820598007,0.07036422193050385,29.035400390625,0.10665205121040344,0.0011729293037205935
delta,2d_looped_spiro,877,0.025011727586388588,0.0244255643337965,0.0244255643337965,,,0.012112969532608986,0.03371594101190567,0.012898758053779602,0.03045281022787094,1024.0,4096.0,0.0002626050420168067,0.016665026545524597,0.00010803753684740514,0.9928571428571429,0.4826388888888889,0.011103671975433826,29.129638671875,0.06130438670516014,0.0003354985383339226
delta,2d_looped_spiro,1123,0.08818379044532776,0.04144251346588135,0.04144251346588135,,,0.018705831840634346,0.04943478852510452,0.06947796046733856,0.39479774236679077,1024.0,4096.0,0.03543307086614173,0.0867265984416008,0.0002442084951326251,0.6131805157593123,0.7482517482517482,0.06832937896251678,29.1865234375,0.10067012161016464,0.0009527889778837562
delta,2d_planar_arm_line_n2,173,0.04231102019548416,0.022250156849622726,0.022250156849622726,,,0.0059689683839678764,0.01745658554136753,0.03634205088019371,0.2221696972846985,1024.0,4096.0,0.004292929292929293,0.01830696128308773,0.00015574300778098404,0.7901234567901234,0.47058823529411764,0.035655904561281204,29.034423828125,0.35319116711616516,0.01675933226943016
delta,2d_planar_arm_line_n2,271,0.03610563278198242,0.02220636047422886,0.02220636047422886,,,0.00733180670067668,0.02080032229423523,0.028773827478289604,0.11178246140480042,1024.0,4096.0,0.0032778618255168935,0.021578438580036163,0.0002674201095942408,0.8194444444444444,0.45384615384615384,0.02828620746731758,29.000244140625,0.37443476915359497,0.006892449222505093
delta,2d_planar_arm_line_n2,509,0.30897629261016846,0.06285087019205093,0.06285087019205093,,,0.007905063219368458,0.02335927076637745,0.3010712265968323,1.6446787118911743,1024.0,4096.0,0.09132075471698113,0.228303924202919,0.0007554391631856561,0.2276595744680851,0.8842975206611571,0.30080094933509827,30.9990234375,0.5096027255058289,0.022983942180871964
delta,2d_planar_arm_line_n2,877,0.04492217302322388,0.044520143419504166,0.044520143419504166,,,0.008309008553624153,0.017895838245749474,0.03661316633224487,0.11652910709381104,1024.0,4096.0,0.017362858580775038,0.03741099685430527,0.0003439474676270038,0.5740740740740741,0.7622950819672131,0.03615149110555649,29.017333984375,0.3553112745285034,0.013549981638789177
delta,2d_planar_arm_line_n2,1123,0.07891789823770523,0.054582126438617706,0.054582126438617706,,,0.009150246158242226,0.024966754019260406,0.06976765394210815,0.22723981738090515,1024.0,4096.0,0.055220883534136546,0.06285347044467926,0.0008831757586449385,0.2903225806451613,0.8035714285714286,0.06955369561910629,42.103271484375,0.39349472522735596,0.04588373750448227
delta,2d_sparse_sine,173,0.16181917488574982,0.03590487688779831,0.03590487688779831,,,0.08582384884357452,0.49848631024360657,0.07599532604217529,0.37138664722442627,1024.0,4096.0,0.016233766233766232,0.07633867114782333,0.0003434156533330679,0.765625,0.49,0.07487358152866364,34.252685546875,0.1338469386100769,0.010958848521113396
delta,2d_sparse_sine,271,0.15144366025924683,0.06109292060136795,0.06109292060136795,,,0.04054763913154602,0.15472006797790527,0.1108960211277008,0.6451226472854614,1024.0,4096.0,0.02467462039045553,0.10114989429712296,0.0005693313432857394,0.75,0.6691176470588235,0.10978144407272339,30.2822265625,0.15593311190605164,0.0038303215987980366
delta,2d_sparse_sine,509,0.0668112188577652,0.04588443040847778,0.04588443040847778,,,0.02882063202559948,0.1669912189245224,0.03799058869481087,0.11991825699806213,1024.0,4096.0,0.007778969957081545,0.05535261332988739,0.00033648082171566784,0.8733624454148472,0.5434782608695652,0.0364295095205307,39.5693359375,0.09473241120576859,0.014878040179610252
delta,2d_sparse_sine,877,0.07651565968990326,0.026963617652654648,0.026963617652654648,,,0.034318484365940094,0.1691359430551529,0.042197175323963165,0.12715953588485718,1024.0,4096.0,0.005106154259607632,0.047415390610694885,0.0001461119536543265,0.8689655172413793,0.336,0.0408506765961647,41.113525390625,0.10770003497600555,0.011173134669661522
delta,2d_sparse_sine,1123,0.12645497918128967,0.0841318741440773,0.0841318741440773,,,0.040822871029376984,0.14400960505008698,0.08563210070133209,0.4886666536331177,1024.0,4096.0,0.06345381526104418,0.147679403424263,0.0010818314040079713,0.5519848771266541,0.8088642659279779,0.08455684036016464,32.801513671875,0.159586101770401,0.012976170517504215
delta,2d_square,173,0.045779209583997726,0.04176479950547218,0.04176479950547218,,,0.023639127612113953,0.06912967562675476,0.022140081971883774,0.050559550523757935,1024.0,4096.0,0.048433798367991575,0.031606320291757584,0.0002974672242999077,0.5670588235294117,0.8114478114478114,0.02125074341893196,29.0,0.056257545948028564,0.0004417385207489133
delta,2d_square,271,0.031525857746601105,0.023911040276288986,0.023911040276288986,,,0.01593657210469246,0.057855088263750076,0.015589285641908646,0.045936308801174164,1024.0,4096.0,0.010468463752944255,0.017608270049095154,0.00012454975512810051,0.8237885462555066,0.68,0.014444003812968731,29.0,0.03529942408204079,0.00025256676599383354
delta,2d_square,509,0.035429611802101135,0.02629772387444973,0.02629772387444973,,,0.01800338551402092,0.05695532262325287,0.017426226288080215,0.04654361307621002,1024.0,4096.0,0.01541274817136886,0.01997704803943634,0.00015698710922151804,0.756198347107438,0.6828358208955224,0.01654800772666931,29.0,0.03777878358960152,0.00018592766718938947
delta,2d_square,877,0.03327777981758118,0.022547656670212746,0.022547656670212746,,,0.016975127160549164,0.05859772488474846,0.016302652657032013,0.04923413321375847,1024.0,4096.0,0.008672798948751642,0.017270226031541824,0.00015522411558777094,0.8493150684931506,0.6391752577319587,0.01524239033460617,29.0,0.03843856602907181,0.00028143919189460576
delta,2d_square,1123,0.03637121990323067,0.024292567744851112,0.024292567744851112,,,0.01889602094888687,0.07590287178754807,0.017475198954343796,0.05846793204545975,1024.0,4096.0,0.0141287284144427,0.02080492302775383,0.0001476389734307304,0.7631578947368421,0.635036496350365,0.016399303451180458,29.0,0.043430130928754807,0.000335611286573112
delta,3d_planar_arm_line_n3,173,0.07242738455533981,0.06909208744764328,0.06909208744764328,,,0.006683597341179848,0.01600361056625843,0.06574378907680511,0.19514873623847961,1024.0,4096.0,0.04026335781210433,0.06087764352560043,0.0010708923218771815,0.40671641791044777,0.7414965986394558,0.06542348116636276,29.3515625,0.3651617169380188,0.0294415932148695
delta,3d_planar_arm_line_n3,271,0.20536532998085022,0.0710097998380661,0.0710097998380661,,,0.008618948981165886,0.018864156678318977,0.19674637913703918,0.9985253810882568,1024.0,4096.0,0.07076067728076826,0.16209623217582703,0.0012411032803356647,0.24731182795698925,0.6618705035971223,0.19647064805030823,29.19384765625,0.44243210554122925,0.03743116557598114
delta,3d_planar_arm_line_n3,509,0.08337770402431488,0.07147879898548126,0.07147879898548126,,,0.007728920318186283,0.020498253405094147,0.07564878463745117,0.30110490322113037,1024.0,4096.0,0.05683253346804749,0.1307481974363327,0.0011362009681761265,0.2946708463949843,0.6861313868613139,0.07529163360595703,29.690185546875,0.3844696283340454,0.023297306150197983
delta,3d_planar_arm_line_n3,877,0.08414280414581299,0.07200270891189575,0.07200270891189575,,,0.006315977778285742,0.013350838795304298,0.07782682776451111,0.3041769862174988,1024.0,4096.0,0.06892198939661702,0.11317742615938187,0.00108967290725559,0.24793388429752067,0.6666666666666666,0.07746947556734085,29.041259765625,0.3715042471885681,0.024036023765802383
delta,3d_planar_arm_line_n3,1123,0.10390084981918335,0.06863420456647873,0.06863420456647873,,,0.006611404940485954,0.014338693581521511,0.09728944301605225,0.4089074730873108,1024.0,4096.0,0.059107052257737186,0.09544270485639572,0.0010675687808543444,0.33618233618233617,0.7662337662337663,0.09693282842636108,30.289306640625,0.4154903292655945,0.035933393985033035
delta,3d_spatial_arm_circle_n3,173,0.2640092670917511,0.019039664417505264,0.019039664417505264,,,0.023744719102978706,0.04245004802942276,0.24026453495025635,0.5952713489532471,1024.0,4096.0,0.024724602203182375,0.23394541442394257,6.727781874360517e-05,0.019417475728155338,0.18181818181818182,0.24013033509254456,29.0751953125,0.2800007462501526,0.0007970354054123163
delta,3d_spatial_arm_circle_n3,271,0.164649099111557,0.04221602901816368,0.04221602901816368,,,0.016962982714176178,0.027895310893654823,0.14768612384796143,0.2910090684890747,1024.0,4096.0,0.04282917278511992,0.22154860198497772,0.00030599412275478244,0.03314917127071823,0.6,0.14748798310756683,29.001953125,0.19645220041275024,0.0005308741820044816
delta,3d_spatial_arm_circle_n3,509,0.16988806426525116,0.026296908035874367,0.026296908035874367,,,0.019573891535401344,0.030291210860013962,0.15031416714191437,0.3241167664527893,1024.0,4096.0,0.030837004405286344,0.2006339132785797,0.00014890304009895772,0.03816793893129771,0.5,0.1501009464263916,29.00634765625,0.1977391391992569,0.0008922405540943146
delta,3d_spatial_arm_circle_n3,877,0.13078734278678894,0.02394445240497589,0.02394445240497589,,,0.01139874942600727,0.01774921640753746,0.11938858777284622,0.24332042038440704,1024.0,4096.0,0.021047479197258932,0.20119230449199677,0.00011493938654894009,0.044444444444444446,0.4,0.11903131008148193,29.00634765625,0.16714486479759216,0.00031529838452115655
delta,3d_spatial_arm_circle_n3,1123,0.22982509434223175,0.034418217837810516,0.034418217837810516,,,0.019428787752985954,0.034466151148080826,0.21039630472660065,0.4496605396270752,1024.0,4096.0,0.04185022026431718,0.2783653438091278,0.0002903768909163773,0.028409090909090908,0.5,0.21021400392055511,29.00927734375,0.2586265504360199,0.0008050439064390957
delta,3d_spiral,173,0.3462485671043396,0.04791649058461189,0.04791649058461189,,,0.032632697373628616,0.06364993005990982,0.3136158585548401,0.7384949922561646,1024.0,4096.0,0.05640019617459539,0.3331589102745056,0.0003686546115204692,0.05737704918032787,0.7777777777777778,0.31296658515930176,29.01611328125,0.32676786184310913,0.00041927851270884275
delta,3d_spiral,271,0.2832828164100647,0.021649794653058052,0.021649794653058052,,,0.026676848530769348,0.05170118063688278,0.25660598278045654,0.6827738881111145,1024.0,4096.0,0.02299412915851272,0.3173120319843292,0.00012141351908212528,0.04081632653061224,0.5,0.2560582160949707,29.02587890625,0.26913154125213623,0.0002728264080360532
delta,3d_spiral,509,0.2759113311767578,0.02568446844816208,0.02568446844816208,,,0.026844849810004234,0.051828183233737946,0.24906647205352783,0.6755512952804565,1024.0,4096.0,0.027893320283826767,0.30511799454689026,0.00012972275726497173,0.04201680672268908,0.5555555555555556,0.24847054481506348,29.003662109375,0.2663609981536865,0.00013311870861798525
delta,3d_spiral,877,0.24451744556427002,0.022287700325250626,0.022287700325250626,,,0.024639450013637543,0.051275141537189484,0.21987798810005188,0.6517254114151001,1024.0,4096.0,0.019823788546255508,0.29297056794166565,0.00010695932724047452,0.06896551724137931,0.6,0.21914154291152954,29.25732421875,0.2400294989347458,0.0008792991284281015
delta,3d_spiral,1123,0.2936510443687439,0.02113964408636093,0.02113964408636093,,,0.026385242119431496,0.051524218171834946,0.26726579666137695,0.698839545249939,1024.0,4096.0,0.019324853228962817,0.34954509139060974,0.00016094536113087088,0.04819277108433735,0.5,0.26669859886169434,29.149658203125,0.2785767912864685,0.00023161136778071523
delta,3d_twosphere,173,0.1316419541835785,0.03048356994986534,0.03048356994986534,,,0.04865415394306183,0.08881452679634094,0.08298780024051666,0.15453512966632843,1024.0,4096.0,0.08694556451612903,0.05466824024915695,0.00012567917292471975,0.23162583518930957,0.8125,0.04668594151735306,29.576904296875,0.05973278731107712,0.007608769461512566
delta,3d_twosphere,271,0.12983199954032898,0.026368433609604836,0.026368433609604836,,,0.04730433225631714,0.08800716698169708,0.08252767473459244,0.15561425685882568,1024.0,4096.0,0.07051120624527826,0.053520262241363525,0.00010314289102097973,0.25333333333333335,0.76,0.04535669833421707,31.0498046875,0.05912545695900917,0.00825767032802105
delta,3d_twosphere,509,0.12939569354057312,0.03345070406794548,0.03345070406794548,,,0.04708231985569,0.0899781584739685,0.08231337368488312,0.15494243800640106,1024.0,4096.0,0.08646332240988153,0.054318930953741074,0.0001551043096696958,0.24282560706401765,0.8527131782945736,0.04607013612985611,29.71875,0.062131769955158234,0.008385244756937027
delta,3d_twosphere,877,0.1259029358625412,0.025405453518033028,0.025405453518033028,,,0.04491076618432999,0.08591198921203613,0.08099216967821121,0.15604998171329498,1024.0,4096.0,0.05999495840685656,0.05142049118876457,0.00011058315431000665,0.30409356725146197,0.8062015503875969,0.04395068436861038,30.9521484375,0.05951526388525963,0.008866308256983757
delta,3d_twosphere,1123,0.13600701093673706,0.023034337908029556,0.023034337908029556,,,0.05070051550865173,0.0984717607498169,0.08530649542808533,0.15870219469070435,1024.0,4096.0,0.06906906906906907,0.05533811077475548,9.272427996620536e-05,0.22033898305084745,0.78,0.05035540461540222,30.9228515625,0.06577767431735992,0.004968387074768543
delta,3d_torus_surface,173,0.16355837881565094,0.014056221581995487,0.014056221581995487,,,0.05896729230880737,0.1193317249417305,0.10459108650684357,0.2052602469921112,1024.0,4096.0,0.009125475285171103,0.05509075149893761,3.521701000863686e-05,0.5443037974683544,0.2847682119205298,0.05825773626565933,29.0,0.061681199818849564,4.41515730926767e-05
delta,3d_torus_surface,271,0.1648852825164795,0.013125206343829632,0.013125206343829632,,,0.06006794422864914,0.12885309755802155,0.10481734573841095,0.2040320187807083,1024.0,4096.0,0.010129146619397315,0.0600631982088089,3.223930252715945e-05,0.4936708860759494,0.2653061224489796,0.058594390749931335,29.0,0.06251765787601471,4.5062461140332744e-05
delta,3d_torus_surface,509,0.1622527539730072,0.01494854036718607,0.01494854036718607,,,0.05806590989232063,0.11846347153186798,0.10418684780597687,0.2032417356967926,1024.0,4096.0,0.007948717948717949,0.051348727196455,3.997570456704125e-05,0.6804123711340206,0.336734693877551,0.05786973610520363,29.0,0.060353346168994904,4.2207251681247726e-05
delta,3d_torus_surface,877,0.1684129238128662,0.018484555184841156,0.018484555184841156,,,0.0618576742708683,0.12818622589111328,0.10655524581670761,0.20698128640651703,1024.0,4096.0,0.013462026924053848,0.05725516006350517,6.558969471370801e-05,0.5181818181818182,0.3584905660377358,0.06018675118684769,29.0,0.06184260547161102,3.744001514860429e-05
delta,3d_torus_surface,1123,0.16770967841148376,0.014664609916508198,0.014664609916508198,,,0.06099525839090347,0.12077353894710541,0.10671442002058029,0.20213797688484192,1024.0,4096.0,0.010424612255275871,0.0618387833237648,4.6184868551790714e-05,0.5176470588235295,0.26993865030674846,0.05896100774407387,29.0,0.06335557252168655,4.466698374017142e-05
delta,3d_vz_2d_ellipse,173,0.3097185492515564,0.03935283049941063,0.03935283049941063,,,0.032828912138938904,0.06669636815786362,0.2768896222114563,0.8346395492553711,1024.0,4096.0,0.07476635514018691,0.2614229619503021,0.00030724055250175297,0.07317073170731707,0.8,0.2766880989074707,29.0,0.2800244987010956,4.513933163252659e-05
delta,3d_vz_2d_ellipse,271,0.23074597120285034,0.03208495303988457,0.03208495303988457,,,0.041218407452106476,0.10392932593822479,0.18952757120132446,0.5314138531684875,1024.0,4096.0,0.04276234947161465,0.19957229495048523,0.0002501201815903187,0.10309278350515463,0.7407407407407407,0.18931099772453308,29.30517578125,0.20136864483356476,0.0009675845503807068
delta,3d_vz_2d_ellipse,509,0.22163960337638855,0.0524938590824604,0.0524938590824604,,,0.04221617430448532,0.1202588826417923,0.17942342162132263,0.5719492435455322,1024.0,4096.0,0.06941378464557273,0.18944990634918213,0.0005895967478863895,0.050335570469798654,0.7894736842105263,0.17920927703380585,29.04296875,0.19057519733905792,0.0006765935104340315
delta,3d_vz_2d_ellipse,877,0.21971800923347473,0.05186685174703598,0.05186685174703598,,,0.03783472627401352,0.07673752307891846,0.18188327550888062,0.5497826933860779,1024.0,4096.0,0.063913470993117,0.1770961731672287,0.0005556117976084352,0.0812720848056537,0.8214285714285714,0.1816525012254715,29.19384765625,0.19476324319839478,0.0012999873142689466
delta,3d_vz_2d_ellipse,1123,0.39941808581352234,0.03655373677611351,0.03655373677611351,,,0.03639588505029678,0.07145319133996964,0.36302220821380615,0.9532618522644043,1024.0,4096.0,0.08780127889818003,0.3053172826766968,0.00031058667809702456,0.060526315789473685,0.7666666666666667,0.3628915548324585,29.0,0.365509569644928,4.485475074034184e-05
delta,6d_spatial_arm_up_n6_py,173,0.468644917011261,0.05777775123715401,0.05777775123715401,,,0.08191380649805069,0.14350223541259766,0.3867311179637909,1.5432062149047852,1024.0,4096.0,0.006591796875,0.5897613763809204,0.0008759626653045416,0.0,nan,0.37752553820610046,38.953125,0.5195456147193909,0.20979060232639313
delta,6d_spatial_arm_up_n6_py,271,0.44066041707992554,0.09485217928886414,0.09485217928886414,,,0.07784267514944077,0.13127343356609344,0.3628177344799042,1.501654028892517,1024.0,4096.0,0.0048828125,0.42901334166526794,0.001629762351512909,0.0,nan,0.3524356186389923,38.92041015625,0.5148065090179443,0.2919982373714447
delta,6d_spatial_arm_up_n6_py,509,0.559037983417511,0.08808492869138718,0.08808492869138718,,,0.08371448516845703,0.13851262629032135,0.47532349824905396,1.622175693511963,1024.0,4096.0,0.01708984375,0.8028483986854553,0.0015841221902519464,0.0,nan,0.4678162932395935,34.156494140625,0.5898631811141968,0.2470431923866272
delta,6d_spatial_arm_up_n6_py,877,0.5937050580978394,0.08132700622081757,0.08132700622081757,,,0.08150915056467056,0.14093774557113647,0.512195885181427,1.741054892539978,1024.0,4096.0,0.009765625,0.7065558433532715,0.0015028787311166525,0.0,nan,0.5032546520233154,33.7099609375,0.6237715482711792,0.24176180362701416
delta,6d_spatial_arm_up_n6_py,1123,0.63001549243927,0.07365601509809494,0.07365601509809494,,,0.08911821246147156,0.1551477015018463,0.5408973097801208,1.6615617275238037,1024.0,4096.0,0.013427734375,0.8380388021469116,0.0012003214797005057,0.0,nan,0.532561182975769,36.61572265625,0.6420916318893433,0.2297501415014267
delta,6d_workspace_sine_surface_pose,173,0.276155948638916,0.03439313545823097,0.03439313545823097,,,0.06290563195943832,0.10624470561742783,0.2132503092288971,0.8302111029624939,1024.0,4096.0,0.00146484375,0.31424301862716675,0.00026955088833346963,0.0,nan,0.10548268258571625,35.876220703125,0.3519188165664673,0.01987898349761963
delta,6d_workspace_sine_surface_pose,271,0.28923022747039795,0.030731847509741783,0.030731847509741783,,,0.06428635120391846,0.10605520755052567,0.22494389116764069,0.8689988851547241,1024.0,4096.0,0.0031746031746031746,0.29581794142723083,0.000205672113224864,0.07142857142857142,1.0,0.11603166162967682,34.065673828125,0.35349398851394653,0.015168177895247936
delta,6d_workspace_sine_surface_pose,509,0.2940059304237366,0.03653091564774513,0.03653091564774513,,,0.06749327480792999,0.10655457526445389,0.22651267051696777,0.8639591336250305,1024.0,4096.0,0.003907203907203907,0.18647675216197968,0.0003010646323673427,0.058823529411764705,1.0,0.11619571596384048,34.100830078125,0.3513794541358948,0.01934383437037468
delta,6d_workspace_sine_surface_pose,877,0.29282814264297485,0.020754776895046234,0.020754776895046234,,,0.06612013280391693,0.11340523511171341,0.22670802474021912,0.8959633111953735,1024.0,4096.0,0.002197265625,0.1277914047241211,8.677206642460078e-05,0.0,nan,0.11301394551992416,36.6806640625,0.3535292148590088,0.01514654140919447
delta,6d_workspace_sine_surface_pose,1123,0.37657204270362854,0.04593854770064354,0.04593854770064354,,,0.09791424870491028,0.16144657135009766,0.27865779399871826,0.8783025741577148,1024.0,4096.0,0.01855921855921856,0.4364882707595825,0.0004230824997648597,0.012987012987012988,1.0,0.1956651210784912,34.513916015625,0.43782609701156616,0.015413304790854454
eikonal,2d_ellipse,173,0.020220231264829636,0.015930889174342155,0.015930889174342155,,,0.009511539712548256,0.016558237373828888,0.010708692483603954,0.01871129870414734,1024.0,4096.0,0.0,0.009923100471496582,3.982031194027513e-05,1.0,0.3595890410958904,0.008878069929778576,19.001220703125,0.024577822536230087,0.0005823893006891012
eikonal,2d_ellipse,271,0.02382633090019226,0.011907176114618778,0.011907176114618778,,,0.012190905399620533,0.044687360525131226,0.011635425500571728,0.036542534828186035,1024.0,4096.0,0.0002626740215392698,0.012650665827095509,3.0219654945540242e-05,0.9883720930232558,0.29411764705882354,0.00962471030652523,19.002197265625,0.026690242812037468,0.0005175381083972752
eikonal,2d_ellipse,509,0.02917376719415188,0.014356007799506187,0.014356007799506187,,,0.01504400372505188,0.05471830442547798,0.014129763469099998,0.04020198434591293,1024.0,4096.0,0.0,0.012568403035402298,5.774115561507642e-05,1.0,0.30392156862745096,0.012580865994095802,19.00048828125,0.03093385323882103,0.0005390773294493556
eikonal,2d_ellipse,877,0.14528018236160278,0.04173893854022026,0.04173893854022026,,,0.0355406254529953,0.14171846210956573,0.10973954945802689,0.7168489694595337,1024.0,4096.0,0.03714436248682824,0.10393114387989044,0.0002454435743857175,0.584070796460177,0.66,0.1089223101735115,19.014892578125,0.13948562741279602,0.0009548134403303266
eikonal,2d_ellipse,1123,0.10440599918365479,0.03321974724531174,0.03321974724531174,,,0.026951055973768234,0.062445018440485,0.07745493948459625,0.48029306530952454,1024.0,4096.0,0.03396029258098224,0.09439888596534729,0.00025816739071160555,0.5306859205776173,0.5485074626865671,0.07676327228546143,19.029541015625,0.11473159492015839,0.0016390783712267876
eikonal,2d_figure_eight,173,0.24150855839252472,0.3069557547569275,0.3069557547569275,,,0.09904153645038605,0.2314085215330124,0.14246702194213867,0.3449968695640564,1024.0,4096.0,0.6715001318217769,0.17131927609443665,0.013447821140289307,0.09391675560298826,0.8712871287128713,0.14218883216381073,19.024658203125,0.2397029548883438,0.02475786954164505
eikonal,2d_figure_eight,271,0.08706149458885193,0.07683790475130081,0.07683790475130081,,,0.04362499713897705,0.09025547653436661,0.04343649744987488,0.09196102619171143,1024.0,4096.0,0.14664218258132214,0.0548102892935276,0.0011621457524597645,0.31912302070645554,0.9225352112676056,0.042743511497974396,19.003662109375,0.06710335612297058,0.0030695213936269283
eikonal,2d_figure_eight,509,0.09858227521181107,0.08379226177930832,0.08379226177930832,,,0.05126481130719185,0.11077182739973068,0.04731746390461922,0.10049177706241608,1024.0,4096.0,0.17036450079239301,0.05883176624774933,0.0014367409748956561,0.28492239467849223,0.8290322580645161,0.04663589969277382,19.0,0.07915189862251282,0.0015855731908231974
eikonal,2d_figure_eight,877,0.09829814732074738,0.07996975630521774,0.07996975630521774,,,0.051673829555511475,0.12395276129245758,0.0466243177652359,0.10904766619205475,1024.0,4096.0,0.1640521137995214,0.05641642212867737,0.0012839674018323421,0.321978021978022,0.8746268656716418,0.04593614488840103,19.0,0.07657836377620697,0.001882930751889944
eikonal,2d_figure_eight,1123,0.14288771152496338,0.09889103472232819,0.09889103472232819,,,0.06402576714754105,0.2092001736164093,0.07886194437742233,0.339341402053833,1024.0,4096.0,0.2020822210357715,0.08201882988214493,0.0021887964103370905,0.29053420805998126,0.8857142857142857,0.07813148200511932,19.02001953125,0.1315028965473175,0.003167645540088415
eikonal,2d_looped_spiro,173,0.12286838889122009,0.08671604096889496,0.08671604096889496,,,0.04436248540878296,0.10036925226449966,0.07850590348243713,0.3235061764717102,1024.0,4096.0,0.09888947646747752,0.0813591405749321,0.001287473482079804,0.4165366614664587,0.8503184713375797,0.07782409340143204,19.072021484375,0.14818453788757324,0.0029595056548714638
eikonal,2d_looped_spiro,271,0.06009407341480255,0.05562487617135048,0.05562487617135048,,,0.030845124274492264,0.07178610563278198,0.029248951002955437,0.06875628978013992,1024.0,4096.0,0.02786540483701367,0.0363989993929863,0.0006196690374054015,0.6882352941176471,0.8013698630136986,0.02826273813843727,19.0,0.0868058055639267,0.0010661532869562507
eikonal,2d_looped_spiro,509,0.046609558165073395,0.04509781673550606,0.04509781673550606,,,0.02352382242679596,0.0627811923623085,0.023085733875632286,0.05633668601512909,1024.0,4096.0,0.016600790513833993,0.029521727934479713,0.0003666903357952833,0.7927631578947368,0.8006644518272426,0.021878253668546677,19.0,0.07003569602966309,0.0009323984268121421
eikonal,2d_looped_spiro,877,0.07926502823829651,0.06693124771118164,0.06693124771118164,,,0.04089196026325226,0.09753019362688065,0.03837306797504425,0.0863344818353653,1024.0,4096.0,0.051995798319327734,0.048869892954826355,0.0009116118308156729,0.5296912114014252,0.7743055555555556,0.03759101778268814,19.0,0.10821882635354996,0.0016837758012115955
eikonal,2d_looped_spiro,1123,0.0473080538213253,0.044887591153383255,0.044887591153383255,,,0.023878153413534164,0.06348705291748047,0.023429900407791138,0.06290379911661148,1024.0,4096.0,0.013910761154855643,0.02914833277463913,0.0003345622681081295,0.79296875,0.7097902097902098,0.022261718288064003,19.0,0.0710311159491539,0.000874844379723072
eikonal,2d_planar_arm_line_n2,173,0.04599408060312271,0.0294543094933033,0.0294543094933033,,,0.00835321843624115,0.020523052662611008,0.03764086216688156,0.13761408627033234,1024.0,4096.0,0.008585858585858586,0.028403522446751595,0.00025939021725207567,0.6761904761904762,0.5220588235294118,0.037101633846759796,19.05712890625,0.3576042056083679,0.014324035495519638
eikonal,2d_planar_arm_line_n2,271,0.05138375237584114,0.032397616654634476,0.032397616654634476,,,0.010960888117551804,0.03204037994146347,0.04042286425828934,0.11367896944284439,1024.0,4096.0,0.013363590519415028,0.03110942803323269,0.00027875835075974464,0.5725806451612904,0.5461538461538461,0.04009024798870087,19.06689453125,0.35771283507347107,0.01009336020797491
eikonal,2d_planar_arm_line_n2,509,0.04193226993083954,0.03148294985294342,0.03148294985294342,,,0.007332023233175278,0.019258907064795494,0.03460024669766426,0.11948822438716888,1024.0,4096.0,0.015345911949685535,0.032845139503479004,0.00022809056099504232,0.5579710144927537,0.6363636363636364,0.0341610424220562,19.0341796875,0.3603607416152954,0.011089636012911797
eikonal,2d_planar_arm_line_n2,877,0.04755987226963043,0.03510831296443939,0.03510831296443939,,,0.010296337306499481,0.021663719788193703,0.03726353496313095,0.1419811099767685,1024.0,4096.0,0.013839959738298943,0.028601624071598053,0.000293671153485775,0.5833333333333334,0.6311475409836066,0.03679921478033066,19.0703125,0.36754757165908813,0.013678198680281639
eikonal,2d_planar_arm_line_n2,1123,0.2705764174461365,0.03177667409181595,0.03177667409181595,,,0.008680702187120914,0.03029438480734825,0.26189571619033813,1.6810539960861206,1024.0,4096.0,0.021837349397590362,0.2694713771343231,0.00019895049626939,0.4528301886792453,0.6428571428571429,0.2614227533340454,19.107666015625,0.450518399477005,0.00331898289732635
eikonal,2d_sparse_sine,173,0.06275062263011932,0.02836007811129093,0.02836007811129093,,,0.03163786605000496,0.08897191286087036,0.031112752854824066,0.05853485316038132,1024.0,4096.0,0.001893939393939394,0.03393477573990822,0.00018490810180082917,0.9533333333333334,0.3575,0.029870808124542236,19.0,0.07196647673845291,0.0006990471156314015
eikonal,2d_sparse_sine,271,0.06731253862380981,0.027219165116548538,0.027219165116548538,,,0.03360632807016373,0.14214833080768585,0.03370620682835579,0.09580148011445999,1024.0,4096.0,0.0005422993492407809,0.0274523813277483,0.00015795431681908667,0.986013986013986,0.34558823529411764,0.03252653032541275,19.0,0.07179997861385345,0.0006214509485289454
eikonal,2d_sparse_sine,509,0.0615728422999382,0.029396329075098038,0.029396329075098038,,,0.031127166002988815,0.13099411129951477,0.030445678159594536,0.09081663936376572,1024.0,4096.0,0.0013412017167381974,0.03078845888376236,0.00017041851242538542,0.9652777777777778,0.37771739130434784,0.029120953753590584,19.0,0.0703464075922966,0.0006092883413657546
eikonal,2d_sparse_sine,877,0.05930019170045853,0.030086087062954903,0.030086087062954903,,,0.02660350501537323,0.09416749328374863,0.0326966866850853,0.0893695056438446,1024.0,4096.0,0.0008062348830959419,0.030685635283589363,0.00016573663742747158,0.9798657718120806,0.3893333333333333,0.03135557845234871,19.0,0.0700228214263916,0.0006799651309847832
eikonal,2d_sparse_sine,1123,0.0521654449403286,0.033561233431100845,0.033561233431100845,,,0.02209332585334778,0.059451568871736526,0.03007211908698082,0.053590767085552216,1024.0,4096.0,0.0008032128514056225,0.03809366747736931,0.00017033604672178626,0.9819277108433735,0.4515235457063712,0.02854016050696373,19.0,0.06744949519634247,0.0006891131633892655
eikonal,2d_square,173,0.037403397262096405,0.04144497588276863,0.04144497588276863,,,0.019256819039583206,0.0659373551607132,0.0181465782225132,0.05487634241580963,1024.0,4096.0,0.03553566728086339,0.026159631088376045,0.00028072998975403607,0.6437994722955145,0.8215488215488216,0.01706920936703682,19.0,0.040555208921432495,0.0007490827119909227
eikonal,2d_square,271,0.030280735343694687,0.022906385362148285,0.022906385362148285,,,0.01526886411011219,0.06382331252098083,0.015011872164905071,0.05008593946695328,1024.0,4096.0,0.007327924627060979,0.016926830634474754,0.00016415613936260343,0.8620689655172413,0.6363636363636364,0.013772551901638508,19.0,0.03421476110816002,0.0006421247962862253
eikonal,2d_square,509,0.029337313026189804,0.021744156256318092,0.021744156256318092,,,0.01479206420481205,0.06238824501633644,0.014545249752700329,0.05314575135707855,1024.0,4096.0,0.007575757575757576,0.016465310007333755,0.0001654734805924818,0.8497409326424871,0.6119402985074627,0.013275522738695145,19.0,0.03403672203421593,0.00071476842276752
eikonal,2d_square,877,0.040040742605924606,0.035177890211343765,0.035177890211343765,,,0.02083927020430565,0.08439710736274719,0.019201472401618958,0.06758369505405426,1024.0,4096.0,0.025492772667542705,0.023998618125915527,0.00030165191856212914,0.7113095238095238,0.8213058419243986,0.01801471970975399,19.0,0.0453873947262764,0.0009884217288345098
eikonal,2d_square,1123,0.029215339571237564,0.015457204543054104,0.015457204543054104,,,0.015049188397824764,0.07066988945007324,0.014166152104735374,0.058247633278369904,1024.0,4096.0,0.0052328623757195184,0.016140179708600044,0.00012112089461879805,0.8591549295774648,0.44525547445255476,0.012733089737594128,19.0,0.03270751237869263,0.0007463259389624
eikonal,3d_planar_arm_line_n3,173,0.07887528091669083,0.06810933351516724,0.06810933351516724,,,0.0071388413198292255,0.014561892487108707,0.07173644006252289,0.2535420358181,1024.0,4096.0,0.052924791086350974,0.06631217151880264,0.0010296122636646032,0.33860759493670883,0.7278911564625851,0.07136180996894836,19.15380859375,0.3530123233795166,0.028259020298719406
eikonal,3d_planar_arm_line_n3,271,0.33033183217048645,0.1524893045425415,0.1524893045425415,,,0.010384779423475266,0.025080392137169838,0.3199470639228821,1.4598362445831299,1024.0,4096.0,0.2211271165024008,0.3132469654083252,0.004038679413497448,0.11526794742163801,0.8201438848920863,0.3197556436061859,19.010009765625,0.4902229905128479,0.03555236756801605
eikonal,3d_planar_arm_line_n3,509,0.11237065494060516,0.0694320872426033,0.0694320872426033,,,0.007213480770587921,0.015469877049326897,0.10515717417001724,0.46418872475624084,1024.0,4096.0,0.05102298560242485,0.13059590756893158,0.0008847633725963533,0.3355263157894737,0.7445255474452555,0.10478359460830688,19.172607421875,0.37808507680892944,0.028719287365674973
eikonal,3d_planar_arm_line_n3,877,0.2252202183008194,0.12744349241256714,0.12744349241256714,,,0.008939162828028202,0.020069129765033722,0.21628105640411377,1.0522104501724243,1024.0,4096.0,0.13405705629891443,0.22628876566886902,0.003337050788104534,0.16901408450704225,0.8,0.2160540372133255,19.04833984375,0.42759203910827637,0.035727836191654205
eikonal,3d_planar_arm_line_n3,1123,0.27103182673454285,0.11436551809310913,0.11436551809310913,,,0.00908320676535368,0.02010648511350155,0.2619486153125763,1.3217647075653076,1024.0,4096.0,0.136986301369863,0.270097941160202,0.002791960723698139,0.1891891891891892,0.8181818181818182,0.2617267370223999,19.0107421875,0.4616919159889221,0.029659245163202286
eikonal,3d_spatial_arm_circle_n3,173,0.011656928807497025,0.010733087547123432,0.010733087547123432,,,0.004295152612030506,0.010325395502150059,0.007361776195466518,0.01592159830033779,1024.0,4096.0,0.0,0.009247724898159504,3.358066169312224e-05,1.0,0.09090909090909091,0.005643056705594063,19.0,0.06426810473203659,0.0009295628988184035
eikonal,3d_spatial_arm_circle_n3,271,0.005757244303822517,0.002327366266399622,0.002327366266399622,,,0.0015764571726322174,0.0032980304677039385,0.0041807871311903,0.011019883677363396,1024.0,4096.0,0.0,nan,1.3259457318781642e-06,nan,0.0,0.001714465906843543,19.0068359375,0.05261237174272537,0.000709857209585607
eikonal,3d_spatial_arm_circle_n3,509,0.006724559236317873,0.006365485023707151,0.006365485023707151,,,0.0020081200636923313,0.0043964385986328125,0.004716439172625542,0.01130861695855856,1024.0,4096.0,0.0,nan,6.051081527402857e-06,nan,0.0,0.0024745548143982887,19.000244140625,0.05363357439637184,0.0007496288744732738
eikonal,3d_spatial_arm_circle_n3,877,0.006538324989378452,0.004447897896170616,0.004447897896170616,,,0.001991942524909973,0.0037616665940731764,0.004546382464468479,0.011155640706419945,1024.0,4096.0,0.0,nan,4.143234036746435e-06,nan,0.0,0.0022249571047723293,19.00048828125,0.05350322276353836,0.0007332249660976231
eikonal,3d_spatial_arm_circle_n3,1123,0.007302943617105484,0.004753760062158108,0.004753760062158108,,,0.0023742273915559053,0.0041593024507164955,0.004928715992718935,0.011167861521244049,1024.0,4096.0,0.0,nan,5.783796041214373e-06,nan,0.0,0.0028046020306646824,19.00048828125,0.05385182052850723,0.0007332810782827437
eikonal,3d_spiral,173,0.06530972570180893,0.0301588736474514,0.0301588736474514,,,0.014448532834649086,0.041581861674785614,0.05086119472980499,0.37529170513153076,1024.0,4096.0,0.0002452182442373713,0.0320020355284214,0.000274400576017797,0.9333333333333333,0.7777777777777778,0.04860064759850502,19.072998046875,0.08547267317771912,0.001235269010066986
eikonal,3d_spiral,271,0.12854312360286713,0.02122868038713932,0.02122868038713932,,,0.012586994096636772,0.02674710378050804,0.1159561350941658,0.740463376045227,1024.0,4096.0,0.0004892367906066536,0.10244177281856537,9.972420957637951e-05,0.5,0.25,0.11325528472661972,19.015380859375,0.1465408205986023,0.0011156521504744887
eikonal,3d_spiral,509,0.0675395056605339,0.030546486377716064,0.030546486377716064,,,0.014145106077194214,0.04842440038919449,0.05339439958333969,0.38701120018959045,1024.0,4096.0,0.0004893564962074871,0.11373431235551834,0.00023548732860945165,0.75,0.6666666666666666,0.05097169429063797,19.111083984375,0.08788284659385681,0.0013309440109878778
eikonal,3d_spiral,877,0.0657295286655426,0.027647582814097404,0.027647582814097404,,,0.014744065701961517,0.043969396501779556,0.050985466688871384,0.3445248305797577,1024.0,4096.0,0.0007342143906020558,0.07327037304639816,0.00027103349566459656,0.6666666666666666,0.6,0.04886224865913391,19.14208984375,0.08160567283630371,0.0012877917615696788
eikonal,3d_spiral,1123,0.06603676080703735,0.02533029392361641,0.02533029392361641,,,0.015173103660345078,0.06859680265188217,0.050863660871982574,0.37730464339256287,1024.0,4096.0,0.0002446183953033268,0.026713399216532707,0.0002878109226003289,0.8333333333333334,0.625,0.04852095618844032,19.04833984375,0.0822235643863678,0.0011398287024348974
eikonal,3d_twosphere,173,0.13428263366222382,0.05654381960630417,0.05654381960630417,,,0.05367821082472801,0.11940795183181763,0.0806044265627861,0.1529998481273651,1024.0,4096.0,0.08845766129032258,0.0544966384768486,0.0010553027968853712,0.23194748358862144,0.828125,0.04356936365365982,19.0419921875,0.06892065703868866,0.0012445275206118822
eikonal,3d_twosphere,271,0.13684365153312683,0.06302718818187714,0.06302718818187714,,,0.05436686798930168,0.11716827005147934,0.08247677981853485,0.15527206659317017,1024.0,4096.0,0.09216821959204231,0.05672508105635643,0.0012158738682046533,0.21627408993576017,0.808,0.04510311782360077,19.072021484375,0.0697060376405716,0.0016873945714905858
eikonal,3d_twosphere,509,0.13498902320861816,0.06835528463125229,0.06835528463125229,,,0.053122617304325104,0.11275093257427216,0.08186640590429306,0.15374258160591125,1024.0,4096.0,0.10511721704058483,0.0585874579846859,0.0011677504517138004,0.20722433460076045,0.8449612403100775,0.044921886175870895,19.061279296875,0.0682288408279419,0.001457985956221819
eikonal,3d_twosphere,877,0.13156867027282715,0.05148385837674141,0.05148385837674141,,,0.051262017339468,0.114890918135643,0.08030664920806885,0.1541534960269928,1024.0,4096.0,0.07335518023695488,0.0533272847533226,0.0010256210807710886,0.2725,0.8449612403100775,0.04373689740896225,19.17724609375,0.06977032124996185,0.0015982616459950805
eikonal,3d_twosphere,1123,0.13373273611068726,0.04788202792406082,0.04788202792406082,,,0.052816566079854965,0.12274190038442612,0.08091616630554199,0.15520907938480377,1024.0,4096.0,0.06156156156156156,0.055021680891513824,0.0009765870636329055,0.23839009287925697,0.77,0.04402932897210121,19.0703125,0.0658380538225174,0.001056779408827424
eikonal,3d_torus_surface,173,0.16501353681087494,0.023083699867129326,0.023083699867129326,,,0.060785017907619476,0.12334165722131729,0.10422851890325546,0.20193812251091003,1024.0,4096.0,0.01749049429657795,0.05972254276275635,9.183972724713385e-05,0.5035971223021583,0.46357615894039733,0.05974347144365311,19.00537109375,0.06960953772068024,0.0005696695297956467
eikonal,3d_torus_surface,271,0.1931450068950653,0.025206325575709343,0.025206325575709343,,,0.06361090391874313,0.13465723395347595,0.12953409552574158,0.22355781495571136,1024.0,4096.0,0.02177766523170423,0.06198852136731148,0.00012904634058941156,0.4625,0.5034013605442177,0.08529415726661682,19.000732421875,0.09453974664211273,0.0006123790517449379
eikonal,3d_torus_surface,509,0.16576151549816132,0.022473890334367752,0.022473890334367752,,,0.06051373854279518,0.1217365711927414,0.10524778068065643,0.20203226804733276,1024.0,4096.0,0.01641025641025641,0.05469684302806854,9.511355892755091e-05,0.5949367088607594,0.47959183673469385,0.060088545083999634,19.00146484375,0.07139284908771515,0.0005163989844731987
eikonal,3d_torus_surface,877,0.16639798879623413,0.019517140462994576,0.019517140462994576,,,0.06145000457763672,0.13117554783821106,0.10494798421859741,0.20480015873908997,1024.0,4096.0,0.014732029464058927,0.057243283838033676,5.640910239890218e-05,0.5245901639344263,0.4025157232704403,0.05955597758293152,19.003173828125,0.06713083386421204,0.0006210989085957408
eikonal,3d_torus_surface,1123,0.2911801040172577,0.06219329684972763,0.06219329684972763,,,0.0776882916688919,0.16074220836162567,0.21349181234836578,0.8624190092086792,1024.0,4096.0,0.08873633358759217,0.13744443655014038,0.000768412253819406,0.26371308016877637,0.7668711656441718,0.17377224564552307,19.225830078125,0.21096935868263245,0.0021398761309683323
eikonal,3d_vz_2d_ellipse,173,0.0448012501001358,0.02330055460333824,0.02330055460333824,,,0.023409832268953323,0.06431896984577179,0.02139141783118248,0.05554419010877609,1024.0,4096.0,0.0004918839153959665,0.02249467559158802,0.00016209101886488497,0.8571428571428571,0.4,0.020222749561071396,19.000732421875,0.039008546620607376,0.0007442627102136612
eikonal,3d_vz_2d_ellipse,271,0.050809022039175034,0.027140861377120018,0.027140861377120018,,,0.027192372828722,0.07104244828224182,0.023616649210453033,0.055922266095876694,1024.0,4096.0,0.0009830425165888424,0.025604618713259697,0.00017643248429521918,0.7777777777777778,0.5185185185185185,0.02249148115515709,19.0,0.03902794420719147,0.0007454300648532808
eikonal,3d_vz_2d_ellipse,509,0.05615934357047081,0.03126070275902748,0.03126070275902748,,,0.030285850167274475,0.09571927785873413,0.025873493403196335,0.0683707445859909,1024.0,4096.0,0.0007358351729212656,0.02344324439764023,0.00024074476095847785,0.8,0.631578947368421,0.024848109111189842,19.0009765625,0.04337896406650543,0.0007115502958185971
eikonal,3d_vz_2d_ellipse,877,0.07725708931684494,0.04819846525788307,0.04819846525788307,,,0.041108936071395874,0.09509948641061783,0.036148153245449066,0.09204134345054626,1024.0,4096.0,0.009095378564405112,0.047600094228982925,0.00046427935012616217,0.32727272727272727,0.6428571428571429,0.035263944417238235,19.001220703125,0.05746379494667053,0.0007199077517725527
eikonal,3d_vz_2d_ellipse,1123,0.060363925993442535,0.03852088749408722,0.03852088749408722,,,0.031618308275938034,0.07530101388692856,0.02874561958014965,0.06554858386516571,1024.0,4096.0,0.0036891293654697493,0.035384900867938995,0.00031138944905251265,0.5833333333333334,0.7,0.027876704931259155,19.0,0.047330599278211594,0.000723470700904727
eikonal,6d_spatial_arm_up_n6_py,173,0.2333800196647644,0.08791816234588623,0.08791816234588623,,,0.06278076767921448,0.11102079600095749,0.17059925198554993,0.5533615946769714,1024.0,4096.0,0.00537109375,0.1359323412179947,0.002865831833332777,0.0,nan,0.1576964408159256,29.034912109375,0.33135953545570374,0.06314513087272644
eikonal,6d_spatial_arm_up_n6_py,271,0.20953691005706787,0.08616355806589127,0.08616355806589127,,,0.06371216475963593,0.11135940998792648,0.14582474529743195,0.3870803713798523,1024.0,4096.0,0.002685546875,0.09848903864622116,0.002712317742407322,0.0,nan,0.13294793665409088,29.11474609375,0.31049996614456177,0.0563722588121891
eikonal,6d_spatial_arm_up_n6_py,509,0.2072056084871292,0.08035964518785477,0.08035964518785477,,,0.06157010793685913,0.10976643115282059,0.14563550055027008,0.29944977164268494,1024.0,4096.0,0.00244140625,0.09442996978759766,0.002868229290470481,0.0,nan,0.13385280966758728,29.22216796875,0.3146322965621948,0.0538911446928978
eikonal,6d_spatial_arm_up_n6_py,877,0.24454306066036224,0.0930783748626709,0.0930783748626709,,,0.06490360200405121,0.11348885297775269,0.17963945865631104,0.731455385684967,1024.0,4096.0,0.003662109375,0.11201867461204529,0.0036886930465698242,0.0,nan,0.16707125306129456,29.00146484375,0.3386714458465576,0.07943764328956604
eikonal,6d_spatial_arm_up_n6_py,1123,0.23252512514591217,0.09887423366308212,0.09887423366308212,,,0.06620337069034576,0.11324868351221085,0.1663217544555664,0.559248149394989,1024.0,4096.0,0.005859375,0.16528283059597015,0.003273169742897153,0.0,nan,0.15281376242637634,29.09423828125,0.32599323987960815,0.062106966972351074
eikonal,6d_workspace_sine_surface_pose,173,0.2732241749763489,0.012889982201159,0.012889982201159,,,0.04459778964519501,0.08649946749210358,0.22862638533115387,0.9903785586357117,1024.0,4096.0,0.0,nan,4.0670460293767974e-05,nan,nan,0.03841705620288849,29.0,0.3006459176540375,0.0013687412720173597
eikonal,6d_workspace_sine_surface_pose,271,0.27364635467529297,0.01165853627026081,0.01165853627026081,,,0.043692685663700104,0.085020050406456,0.22995367646217346,0.9782148599624634,1024.0,4096.0,0.0,nan,3.2034538890002295e-05,nan,0.0,0.036692939698696136,29.0,0.3046354651451111,0.001278271316550672
eikonal,6d_workspace_sine_surface_pose,509,0.27240821719169617,0.011567289009690285,0.011567289009690285,,,0.04399558901786804,0.0848793014883995,0.22841262817382812,1.0126559734344482,1024.0,4096.0,0.0,0.013095859438180923,3.0072966183070093e-05,1.0,1.0,0.036189816892147064,29.0,0.30176404118537903,0.0014921321999281645
eikonal,6d_workspace_sine_surface_pose,877,0.27419036626815796,0.013189936988055706,0.013189936988055706,,,0.04469495266675949,0.09203263372182846,0.22949540615081787,0.9845195412635803,1024.0,4096.0,0.0,nan,4.0546517993789166e-05,nan,nan,0.03774796798825264,29.0,0.3056368827819824,0.0013871296541765332
eikonal,6d_workspace_sine_surface_pose,1123,0.27604883909225464,0.01485788356512785,0.01485788356512785,,,0.04394681379199028,0.08513402938842773,0.23210203647613525,0.9959332346916199,1024.0,4096.0,0.0,nan,4.84326810692437e-05,nan,0.0,0.038034722208976746,29.0,0.3000553548336029,0.0013000685721635818
vae,2d_ellipse,173,0.16534802317619324,0.13006487488746643,0.13006487488746643,0.1867000162601471,0.11381299048662186,0.07564780861139297,0.3048298954963684,0.08970022201538086,0.37422239780426025,1024.0,4096.0,0.05310199789695058,0.05768599733710289,0.003934312611818314,0.46419098143236076,0.5993150684931506,0.08915401995182037,1.0,0.5262460112571716,0.21352624893188477
vae,2d_ellipse,271,0.21468044817447662,0.13607122004032135,0.13607122004032135,0.1797194927930832,0.09521608054637909,0.08199220895767212,0.42144957184791565,0.1326882392168045,0.809673011302948,1024.0,4096.0,0.06015235093249278,0.05871254950761795,0.0033303878735750914,0.4735632183908046,0.71280276816609,0.13169346749782562,1.0,0.5876016020774841,0.2904296815395355
vae,2d_ellipse,509,0.3123181462287903,0.1085110455751419,0.1085110455751419,0.23393157124519348,0.11524958908557892,0.12317024171352386,0.5154974460601807,0.18914788961410522,0.987842321395874,1024.0,4096.0,0.04722955145118733,0.052983153611421585,0.002344015520066023,0.5491183879093199,0.7124183006535948,0.1883661448955536,1.0,0.5527071952819824,0.174972802400589
vae,2d_ellipse,877,0.3311212956905365,0.1403782218694687,0.1403782218694687,0.28141945600509644,0.1528651863336563,0.1305263340473175,0.5092635750770569,0.200594961643219,0.950272798538208,1024.0,4096.0,0.07534246575342465,0.08193599432706833,0.004725671373307705,0.4066390041493776,0.6533333333333333,0.1998395025730133,1.0,0.6623374223709106,0.3115622401237488
vae,2d_ellipse,1123,0.10185527801513672,0.14514213800430298,0.14514213800430298,0.12552174925804138,0.06679214537143707,0.05557382479310036,0.2605656683444977,0.04628145694732666,0.13115207850933075,1024.0,4096.0,0.08333333333333333,0.07116855680942535,0.00709946034476161,0.3516260162601626,0.6455223880597015,0.04534796625375748,1.0,0.3765721023082733,0.14347395300865173
vae,2d_figure_eight,173,0.2428072988986969,0.2807160019874573,0.2807160019874573,0.25553858280181885,0.12257358431816101,0.1377551108598709,0.3750912547111511,0.10505218058824539,0.34505319595336914,1024.0,4096.0,0.3026627998945426,0.1213247999548912,0.015383297577500343,0.15897435897435896,0.7161716171617162,0.10454438626766205,1.0,0.47619110345840454,0.1960722804069519
vae,2d_figure_eight,271,0.22423633933067322,0.20912985503673553,0.20912985503673553,0.20961546897888184,0.09218451380729675,0.11731818318367004,0.3630916476249695,0.10691814869642258,0.3788764774799347,1024.0,4096.0,0.29275970619097585,0.10637972503900528,0.010431002825498581,0.1634182908545727,0.7676056338028169,0.10637523978948593,1.0,0.3313370943069458,0.09742267429828644
vae,2d_figure_eight,509,0.09095019847154617,0.2219359576702118,0.2219359576702118,0.08363153785467148,0.03911798447370529,0.04869011044502258,0.19188934564590454,0.04226008802652359,0.19125190377235413,1024.0,4096.0,0.2363972530375066,0.08516933023929596,0.010114239528775215,0.21422300263388938,0.7870967741935484,0.041042447090148926,1.0,0.3906874656677246,0.12917199730873108
vae,2d_figure_eight,877,0.19340747594833374,0.2979699373245239,0.2979699373245239,0.17899863421916962,0.07729673385620117,0.10003163665533066,0.3172574043273926,0.09337584674358368,0.2899320125579834,1024.0,4096.0,0.4294070725870779,0.1204671859741211,0.01397226843982935,0.15223097112860892,0.8656716417910447,0.09259482473134995,1.0,0.3000847101211548,0.07613435387611389
vae,2d_figure_eight,1123,0.1470877230167389,0.21785937249660492,0.21785937249660492,0.13431468605995178,0.058714739978313446,0.07638781517744064,0.28940874338150024,0.07069990038871765,0.28319671750068665,1024.0,4096.0,0.26481580352375866,0.11352606862783432,0.010246961377561092,0.22560499609679938,0.8257142857142857,0.06979872286319733,1.0,0.41059327125549316,0.07688368856906891
vae,2d_looped_spiro,173,0.23355665802955627,0.2539316713809967,0.2539316713809967,0.1965755820274353,0.10663159936666489,0.09676221013069153,0.214577317237854,0.13679444789886475,0.4598728120326996,1024.0,4096.0,0.14013749338974088,0.11874569952487946,0.022698352113366127,0.30446194225721784,0.7388535031847133,0.13621628284454346,1.0,0.7173035740852356,0.17636267840862274
vae,2d_looped_spiro,271,0.18936295807361603,0.18016396462917328,0.18016396462917328,0.15343019366264343,0.06820221245288849,0.08630768954753876,0.28027674555778503,0.10305526852607727,0.35792821645736694,1024.0,4096.0,0.11330178759200842,0.08954159170389175,0.010928554460406303,0.34498480243161095,0.7773972602739726,0.10240577161312103,1.0,0.5391517281532288,0.12265922874212265
vae,2d_looped_spiro,509,0.1248980313539505,0.22366267442703247,0.22366267442703247,0.1331196427345276,0.08399127423763275,0.04614377021789551,0.10278025269508362,0.07875426113605499,0.3459663689136505,1024.0,4096.0,0.15019762845849802,0.09185019135475159,0.009509549476206303,0.3140794223826715,0.867109634551495,0.07815209776163101,1.0,0.5337450504302979,0.19548386335372925
vae,2d_looped_spiro,877,0.08729083836078644,0.12631386518478394,0.12631386518478394,0.08069051802158356,0.03699082136154175,0.04411318153142929,0.13830341398715973,0.04317765682935715,0.1165287122130394,1024.0,4096.0,0.06013655462184874,0.056830767542123795,0.004538345150649548,0.49223946784922396,0.7708333333333334,0.04224948585033417,1.0,0.3786032795906067,0.09736138582229614
vae,2d_looped_spiro,1123,0.1264268159866333,0.11806082725524902,0.11806082725524902,0.11464516073465347,0.05240883678197861,0.06290546804666519,0.12962697446346283,0.0635213553905487,0.12966427206993103,1024.0,4096.0,0.06666666666666667,0.062221720814704895,0.0033149966038763523,0.4641350210970464,0.7692307692307693,0.06295730173587799,1.0,0.3986063301563263,0.06785334646701813
vae,2d_planar_arm_line_n2,173,0.2756626605987549,0.30178219079971313,0.30178219079971313,0.5437189936637878,0.5074449181556702,0.036485832184553146,0.12583567202091217,0.23917683959007263,1.3925323486328125,1024.0,4096.0,0.1782828282828283,0.16287705302238464,0.018286943435668945,0.13054187192118227,0.7794117647058824,0.23907923698425293,1.0,0.6499834656715393,0.22839093208312988
vae,2d_planar_arm_line_n2,271,0.4936160445213318,0.5083051323890686,0.5083051323890686,0.6518186330795288,0.6112402677536011,0.04008999839425087,0.1409754902124405,0.4535260498523712,1.8363831043243408,1024.0,4096.0,0.32955118507312153,0.3039604127407074,0.05496104061603546,0.08409250175192712,0.9230769230769231,0.45344388484954834,1.0,0.7686089277267456,0.30886512994766235
vae,2d_planar_arm_line_n2,509,0.40477752685546875,0.3721613585948944,0.3721613585948944,0.6703059673309326,0.6237383484840393,0.04513914883136749,0.1292407214641571,0.35963839292526245,1.4826751947402954,1024.0,4096.0,0.23295597484276728,0.272809773683548,0.02883918583393097,0.10097087378640776,0.859504132231405,0.3595043420791626,1.0,0.7551093101501465,0.326074481010437
vae,2d_planar_arm_line_n2,877,0.3943118751049042,0.21888715028762817,0.21888715028762817,0.6962056159973145,0.6519957780838013,0.040878623723983765,0.10894834250211716,0.3534332513809204,1.8254966735839844,1024.0,4096.0,0.11298439859084046,0.14615485072135925,0.012549687176942825,0.16697588126159554,0.7377049180327869,0.35329964756965637,1.0,0.7710411548614502,0.38523560762405396
vae,2d_planar_arm_line_n2,1123,0.40896981954574585,0.3613165020942688,0.3613165020942688,0.7041183710098267,0.6220523715019226,0.06743204593658447,0.2293594628572464,0.3415377736091614,1.4707962274551392,1024.0,4096.0,0.2120983935742972,0.2892889380455017,0.03112683817744255,0.0894396551724138,0.7410714285714286,0.34149372577667236,1.0,0.7897024154663086,0.333341121673584
vae,2d_sparse_sine,173,0.14479734003543854,0.06527300179004669,0.06527300179004669,0.11232723295688629,0.024646010249853134,0.09054190665483475,0.4845139682292938,0.05425543338060379,0.26790034770965576,1024.0,4096.0,0.00487012987012987,0.03277986869215965,0.0012694660108536482,0.9154929577464789,0.4875,0.053065426647663116,1.0,0.31854313611984253,0.05892239511013031
vae,2d_sparse_sine,271,0.07655511051416397,0.06746502965688705,0.06746502965688705,0.05981355160474777,0.010955579578876495,0.046579137444496155,0.30949029326438904,0.029975973069667816,0.17343123257160187,1024.0,4096.0,0.0008134490238611713,0.02722015418112278,0.001046987483277917,0.9855072463768116,0.5,0.028444625437259674,1.0,0.3676033616065979,0.06708373129367828
vae,2d_sparse_sine,509,0.05349390208721161,0.08861897140741348,0.08861897140741348,0.04069250822067261,0.011621545068919659,0.028135089203715324,0.10447786003351212,0.025358811020851135,0.06833931058645248,1024.0,4096.0,0.005901287553648069,0.03812990337610245,0.002499708905816078,0.8976744186046511,0.5244565217391305,0.023801803588867188,1.0,0.3379036784172058,0.07752120494842529
vae,2d_sparse_sine,877,0.10441184043884277,0.10225383192300797,0.10225383192300797,0.08815491199493408,0.039711982011795044,0.04949663579463959,0.1342170238494873,0.054915208369493484,0.1254803091287613,1024.0,4096.0,0.033861865090029565,0.05962635949254036,0.0024395703803747892,0.6793893129770993,0.712,0.05430283769965172,1.0,0.3315666913986206,0.061903417110443115
vae,2d_sparse_sine,1123,0.05662074685096741,0.07896478474140167,0.07896478474140167,0.04583170264959335,0.015469221398234367,0.029833992943167686,0.10774984955787659,0.02678675577044487,0.07709284126758575,1024.0,4096.0,0.00321285140562249,0.034305356442928314,0.0013686843449249864,0.953125,0.6759002770083102,0.02573147416114807,1.0,0.33183184266090393,0.07485069334506989
vae,2d_square,173,0.0476468950510025,0.16646304726600647,0.16646304726600647,0.041194841265678406,0.018099574372172356,0.024350222200155258,0.08058133721351624,0.023296672850847244,0.07164482027292252,1024.0,4096.0,0.1855751513556199,0.06560026854276657,0.005195582285523415,0.265625,0.8585858585858586,0.022178523242473602,1.0,0.2884962558746338,0.13822227716445923
vae,2d_square,271,0.06462150812149048,0.11437756568193436,0.11437756568193436,0.09785856306552887,0.07043732702732086,0.030550900846719742,0.10565008968114853,0.034070611000061035,0.07472968846559525,1024.0,4096.0,0.09971211724679403,0.047351304441690445,0.0030959483701735735,0.37438423645320196,0.8290909090909091,0.033202871680259705,1.0,0.3587816059589386,0.06887982785701752
vae,2d_square,509,0.12782087922096252,0.18793685734272003,0.18793685734272003,0.14878436923027039,0.09246192127466202,0.057184793055057526,0.20749899744987488,0.0706360787153244,0.2888302505016327,1024.0,4096.0,0.18260188087774296,0.08382230252027512,0.010810067877173424,0.22676991150442477,0.7649253731343284,0.06996309757232666,1.0,0.440107524394989,0.13767889142036438
vae,2d_square,877,0.052649568766355515,0.06055467948317528,0.06055467948317528,0.03704294189810753,0.018229780718684196,0.01861647143959999,0.07656937837600708,0.034033097326755524,0.12306281924247742,1024.0,4096.0,0.022076215505913273,0.02295207418501377,0.0006242141826078296,0.7263843648208469,0.7663230240549829,0.03282977640628815,1.0,0.3877248764038086,0.061856966465711594
vae,2d_square,1123,0.07500997185707092,0.08135566115379333,0.08135566115379333,0.0639355331659317,0.03385883569717407,0.030514374375343323,0.10103628039360046,0.0444955974817276,0.14716795086860657,1024.0,4096.0,0.05913134484563056,0.04100840166211128,0.002035107696428895,0.4419753086419753,0.6532846715328468,0.04385385662317276,1.0,0.41467389464378357,0.05883350223302841
vae,3d_planar_arm_line_n3,173,0.2308235913515091,0.303447425365448,0.303447425365448,0.24289825558662415,0.2328479290008545,0.01004115678369999,0.02115398459136486,0.22078242897987366,0.925853967666626,1024.0,4096.0,0.15522917194226388,0.16139551997184753,0.021219011396169662,0.14979195561719832,0.7346938775510204,0.22056569159030914,1.0,0.5469232797622681,0.3143683671951294
vae,3d_planar_arm_line_n3,271,0.37034058570861816,0.30948713421821594,0.30948713421821594,0.5488155484199524,0.5340831279754639,0.013586963526904583,0.03179287910461426,0.3567536175251007,1.4349591732025146,1024.0,4096.0,0.17690169320192065,0.23050564527511597,0.02427011728286743,0.11392405063291139,0.6474820143884892,0.35662493109703064,1.0,0.7110452651977539,0.32158875465393066
vae,3d_planar_arm_line_n3,509,0.21577951312065125,0.30830830335617065,0.30830830335617065,0.23585259914398193,0.22391025722026825,0.009823944419622421,0.0220450721681118,0.20595556497573853,0.7369078397750854,1024.0,4096.0,0.13361960090932054,0.17739005386829376,0.023436639457941055,0.15764331210191082,0.7226277372262774,0.20569084584712982,1.0,0.5963549017906189,0.2957000732421875
vae,3d_planar_arm_line_n3,877,0.28803181648254395,0.2880079448223114,0.2880079448223114,0.4197273254394531,0.40598824620246887,0.012166546657681465,0.03197551146149635,0.27586525678634644,1.135867714881897,1024.0,4096.0,0.14920474627619287,0.21099309623241425,0.021589495241642,0.12314540059347182,0.6148148148148148,0.275748074054718,1.0,0.6322691440582275,0.3287174105644226
vae,3d_planar_arm_line_n3,1123,0.2913946807384491,0.2366449385881424,0.2366449385881424,0.3225230574607849,0.3102671802043915,0.011463847942650318,0.026962462812662125,0.27993083000183105,1.0857925415039062,1024.0,4096.0,0.13926940639269406,0.19389404356479645,0.015871673822402954,0.16055045871559634,0.6818181818181818,0.27981144189834595,1.0,0.6217927932739258,0.2081620842218399
vae,3d_spatial_arm_circle_n3,173,0.03962598368525505,0.1963401585817337,0.1963401585817337,0.03809662163257599,0.030149485915899277,0.007817491888999939,0.015455188229680061,0.03180849179625511,0.04026651382446289,1024.0,4096.0,0.06438188494492043,0.1287572830915451,0.009821002371609211,0.03663003663003663,0.9090909090909091,0.03093332052230835,1.0,0.6957670450210571,0.11042514443397522
vae,3d_spatial_arm_circle_n3,271,0.04873257875442505,0.21729373931884766,0.21729373931884766,0.056021105498075485,0.0433165617287159,0.012503920122981071,0.019910404458642006,0.03622865676879883,0.15129044651985168,1024.0,4096.0,0.09716103768967205,0.13848121464252472,0.021364793181419373,0.022167487684729065,0.9,0.035363346338272095,1.0,0.512234091758728,0.16155759990215302
vae,3d_spatial_arm_circle_n3,509,0.17487820982933044,0.8163638710975647,0.8163638710975647,0.18063586950302124,0.13649481534957886,0.04522116482257843,0.08435938507318497,0.12965704500675201,0.34963226318359375,1024.0,4096.0,0.5582476749877631,0.35449469089508057,0.3204810321331024,0.004364906154517678,1.0,0.12942209839820862,1.0,0.5187052488327026,0.28583502769470215
vae,3d_spatial_arm_circle_n3,877,0.04262574762105942,0.14998981356620789,0.14998981356620789,0.06025610491633415,0.04651980102062225,0.013862714171409607,0.03407880663871765,0.02876303344964981,0.040138497948646545,1024.0,4096.0,0.044297601566324035,0.09487715363502502,0.04954959452152252,0.042328042328042326,0.8,0.027844607830047607,1.0,0.456630676984787,0.09746259450912476
vae,3d_spatial_arm_circle_n3,1123,0.023927457630634308,0.11749798059463501,0.11749798059463501,0.029591791331768036,0.02357833832502365,0.006006170064210892,0.015077526681125164,0.017921287566423416,0.02622109279036522,1024.0,4096.0,0.024229074889867842,0.07762650400400162,0.0030561303719878197,0.04807692307692308,0.5,0.016448965296149254,1.0,0.7961920499801636,0.0946652889251709
vae,3d_spiral,173,0.05076448619365692,0.09583543241024017,0.09583543241024017,0.04173758625984192,0.02127256989479065,0.02013232186436653,0.03619517758488655,0.03063216432929039,0.042060330510139465,1024.0,4096.0,0.005394801373222168,0.04636962711811066,0.0018652197904884815,0.3888888888888889,0.7777777777777778,0.028649065643548965,1.0,1.0354599952697754,0.0717330127954483
vae,3d_spiral,271,0.049739107489585876,0.1267424076795578,0.1267424076795578,0.03146962821483612,0.016881980001926422,0.014579517766833305,0.030134476721286774,0.03515958786010742,0.09264987707138062,1024.0,4096.0,0.011986301369863013,0.07592156529426575,0.004244829528033733,0.07547169811320754,0.5,0.03282297030091286,1.0,1.0505926609039307,0.09440259635448456
vae,3d_spiral,509,0.09963493794202805,0.10662256926298141,0.10662256926298141,0.09277474880218506,0.05628149211406708,0.036792390048503876,0.08755900710821152,0.06284254789352417,0.18083995580673218,1024.0,4096.0,0.010765842916564718,0.0670894905924797,0.0027625132352113724,0.13725490196078433,0.7777777777777778,0.061555199325084686,1.0,0.9257180690765381,0.08606933057308197
vae,3d_spiral,877,0.06057826429605484,0.11278562247753143,0.11278562247753143,0.04203689098358154,0.02297709695994854,0.01894267648458481,0.03862464800477028,0.04163558781147003,0.15034306049346924,1024.0,4096.0,0.009544787077826725,0.060028526932001114,0.0022808038629591465,0.1875,0.9,0.03940786421298981,1.0,1.053375244140625,0.054556746035814285
vae,3d_spiral,1123,0.103770911693573,0.14917294681072235,0.14917294681072235,0.08475008606910706,0.05320437252521515,0.03166384994983673,0.060142774134874344,0.07210706174373627,0.3849729895591736,1024.0,4096.0,0.018835616438356163,0.0969102531671524,0.004229366779327393,0.08333333333333333,0.875,0.07038843631744385,1.0,0.9006774425506592,0.0729193165898323
vae,3d_twosphere,173,0.14374203979969025,0.11121398210525513,0.11121398210525513,0.10839450359344482,0.04911661148071289,0.057911500334739685,0.14177393913269043,0.08583053946495056,0.16066154837608337,1024.0,4096.0,0.1123991935483871,0.06382511556148529,0.0031302664428949356,0.1647940074906367,0.6875,0.05109601467847824,1.0,0.289930522441864,0.07511544227600098
vae,3d_twosphere,271,0.17409414052963257,0.10888136178255081,0.10888136178255081,0.11786156892776489,0.05620815232396126,0.06118238717317581,0.1403055042028427,0.11291176080703735,0.24612709879875183,1024.0,4096.0,0.09116091664568118,0.06342777609825134,0.003145915688946843,0.18834080717488788,0.672,0.07966122031211853,1.0,0.47672533988952637,0.12154307961463928
vae,3d_twosphere,509,0.16270050406455994,0.13330484926700592,0.13330484926700592,0.13302722573280334,0.06600119918584824,0.06508077681064606,0.1366213858127594,0.09761972725391388,0.17913949489593506,1024.0,4096.0,0.10990673052684648,0.067632295191288,0.0044804587960243225,0.17890772128060264,0.7364341085271318,0.066509909927845,1.0,0.37201422452926636,0.11847098171710968
vae,3d_twosphere,877,0.15800537168979645,0.11499109119176865,0.11499109119176865,0.1106884628534317,0.05244326964020729,0.058562859892845154,0.12942072749137878,0.0994425117969513,0.19179537892341614,1024.0,4096.0,0.08268212755230653,0.06189579889178276,0.003062409581616521,0.2336448598130841,0.7751937984496124,0.06744188815355301,1.0,0.5021160244941711,0.12190299481153488
vae,3d_twosphere,1123,0.19135859608650208,0.14047755300998688,0.14047755300998688,0.13782766461372375,0.06964078545570374,0.06758001446723938,0.16393159329891205,0.1237785816192627,0.343792587518692,1024.0,4096.0,0.12237237237237238,0.07714010775089264,0.0044920179061591625,0.13297872340425532,0.75,0.09336958080530167,1.0,0.44484943151474,0.13799051940441132
vae,3d_torus_surface,173,0.5246375799179077,0.26130780577659607,0.26130780577659607,0.3514048159122467,0.18874436616897583,0.16613267362117767,0.41792571544647217,0.35850492119789124,1.249340534210205,1024.0,4096.0,0.23878326996197718,0.19910205900669098,0.015096529386937618,0.10200190657769304,0.7086092715231788,0.331570565700531,1.0,0.6076023578643799,0.2376886010169983
vae,3d_torus_surface,271,0.42588984966278076,0.2190801501274109,0.2190801501274109,0.28039318323135376,0.1585429459810257,0.12551690638065338,0.2862852215766907,0.3003729581832886,1.053052306175232,1024.0,4096.0,0.15902760192453785,0.1355542540550232,0.011413466185331345,0.15477792732166892,0.782312925170068,0.26966267824172974,1.0,0.6304057240486145,0.3380986452102661
vae,3d_torus_surface,509,0.5549143552780151,0.2581782937049866,0.2581782937049866,0.31993240118026733,0.17435596883296967,0.14513042569160461,0.3584502339363098,0.4097839593887329,1.466719627380371,1024.0,4096.0,0.2312820512820513,0.19745343923568726,0.015230979770421982,0.14258555133079848,0.7653061224489796,0.38496971130371094,1.0,0.6396249532699585,0.24947777390480042
vae,3d_torus_surface,877,0.49048545956611633,0.25967419147491455,0.25967419147491455,0.34023338556289673,0.18837031722068787,0.15632912516593933,0.4187736511230469,0.334156334400177,1.088930368423462,1024.0,4096.0,0.2288544577089154,0.17371153831481934,0.01597006991505623,0.12097560975609756,0.779874213836478,0.3067834973335266,1.0,0.5612494945526123,0.24643057584762573
vae,3d_torus_surface,1123,0.5735418796539307,0.28007784485816956,0.28007784485816956,0.35831278562545776,0.18987928330898285,0.1718367040157318,0.40426352620124817,0.40170514583587646,1.3589900732040405,1024.0,4096.0,0.26570048309178745,0.2236277312040329,0.01763390190899372,0.10300429184549356,0.7361963190184049,0.37698832154273987,1.0,0.605036735534668,0.23736217617988586
vae,3d_vz_2d_ellipse,173,0.2502393424510956,0.19136543571949005,0.19136543571949005,0.2447003722190857,0.12816648185253143,0.11972842365503311,0.4442484974861145,0.13051092624664307,0.6623182892799377,1024.0,4096.0,0.0838662075750123,0.12223619967699051,0.0077395206317305565,0.06830601092896176,0.8333333333333334,0.12995263934135437,1.0,0.5889326333999634,0.1616983711719513
vae,3d_vz_2d_ellipse,271,0.39515364170074463,0.25935834646224976,0.25935834646224976,0.2548922896385193,0.13172079622745514,0.12582562863826752,0.47057032585144043,0.2693279981613159,1.589398741722107,1024.0,4096.0,0.12533792086507742,0.14529700577259064,0.01568623259663582,0.043151969981238276,0.8518518518518519,0.2687392830848694,1.0,0.779725193977356,0.39954081177711487
vae,3d_vz_2d_ellipse,509,0.2645520567893982,0.1716640740633011,0.1716640740633011,0.238608717918396,0.11383921653032303,0.12767484784126282,0.5259473919868469,0.13687720894813538,0.6950802803039551,1024.0,4096.0,0.07579102281089035,0.13754001259803772,0.006076679565012455,0.05504587155963303,0.9473684210526315,0.13630461692810059,1.0,0.5197787284851074,0.10254247486591339
vae,3d_vz_2d_ellipse,877,0.3429028391838074,0.1628311723470688,0.1628311723470688,0.31831079721450806,0.17521865665912628,0.14604011178016663,0.5604776740074158,0.19686272740364075,0.936913251876831,1024.0,4096.0,0.07841691248770895,0.11830923706293106,0.004476429894566536,0.05621301775147929,0.6785714285714286,0.19631585478782654,1.0,0.5929151773452759,0.16820690035820007
vae,3d_vz_2d_ellipse,1123,0.15257972478866577,0.1406034529209137,0.1406034529209137,0.1687716245651245,0.08094966411590576,0.08379258215427399,0.4172234535217285,0.06878714263439178,0.26133865118026733,1024.0,4096.0,0.04426955238563699,0.08022702485322952,0.004023455549031496,0.1262135922330097,0.8666666666666667,0.06827412545681,1.0,0.45034873485565186,0.15852010250091553
vae,6d_spatial_arm_up_n6_py,173,0.6122841835021973,0.25869953632354736,0.25869953632354736,0.7459174394607544,0.6458836793899536,0.09475578367710114,0.1558045595884323,0.5175284147262573,1.8687193393707275,1024.0,4096.0,0.008544921875,0.21239526569843292,0.01925269141793251,0.0,nan,0.5094925165176392,1.0,0.6713240146636963,0.613783061504364
vae,6d_spatial_arm_up_n6_py,271,0.5419887900352478,0.3338637351989746,0.3338637351989746,0.7002110481262207,0.5984974503517151,0.09541420638561249,0.15528587996959686,0.4465745687484741,1.7188000679016113,1024.0,4096.0,0.013427734375,0.20721325278282166,0.030060414224863052,0.0,nan,0.4373959004878998,1.0,0.7171210050582886,0.6968719959259033
vae,6d_spatial_arm_up_n6_py,509,0.4871290922164917,0.25284266471862793,0.25284266471862793,0.49446016550064087,0.3995499014854431,0.09307585656642914,0.15155479311943054,0.39405322074890137,1.663434386253357,1024.0,4096.0,0.005859375,0.1573030799627304,0.02143232151865959,0.0,nan,0.3866177201271057,1.0,0.6770651340484619,0.5390228033065796
vae,6d_spatial_arm_up_n6_py,877,0.5234071016311646,0.2580617368221283,0.2580617368221283,0.6957799792289734,0.5942723751068115,0.09318049252033234,0.1517414152622223,0.4302266240119934,1.7924573421478271,1024.0,4096.0,0.0068359375,0.1894071400165558,0.021736109629273415,0.0,nan,0.4221192002296448,1.0,0.6766140460968018,0.556052565574646
vae,6d_spatial_arm_up_n6_py,1123,0.5300195217132568,0.3978361189365387,0.3978361189365387,0.641990602016449,0.5375038981437683,0.097860187292099,0.155013307929039,0.43215930461883545,1.6756566762924194,1024.0,4096.0,0.024169921875,0.29595574736595154,0.052328526973724365,0.0,nan,0.4239203631877899,1.0,0.6056893467903137,0.6140720844268799
vae,6d_workspace_sine_surface_pose,173,0.24535387754440308,0.11356493085622787,0.11356493085622787,0.12459097057580948,0.07224197685718536,0.05496257543563843,0.0913069024682045,0.19039130210876465,0.7209284901618958,1024.0,4096.0,0.002685546875,0.08775290846824646,0.0032026926055550575,0.0,nan,0.07251762598752975,1.0,0.24785545468330383,0.10489009320735931
vae,6d_workspace_sine_surface_pose,271,0.18717943131923676,0.11619644612073898,0.11619644612073898,0.11601733416318893,0.06041622534394264,0.059159815311431885,0.09269466251134872,0.12801961600780487,0.3558098077774048,1024.0,4096.0,0.0019536019536019536,0.08792566508054733,0.003365203505381942,0.0,0.0,0.06642139703035355,1.0,0.34042176604270935,0.1040923148393631
vae,6d_workspace_sine_surface_pose,509,0.20037436485290527,0.11689208447933197,0.11689208447933197,0.1096564307808876,0.05817464739084244,0.05599376931786537,0.09311304986476898,0.1443805992603302,0.4782002568244934,1024.0,4096.0,0.002442002442002442,0.07351665198802948,0.0033790511079132557,0.09090909090909091,1.0,0.07287929207086563,1.0,0.33581292629241943,0.11334940791130066
vae,6d_workspace_sine_surface_pose,877,0.23707453906536102,0.10129048675298691,0.10129048675298691,0.1212550550699234,0.06982964277267456,0.057135552167892456,0.09429826587438583,0.17993898689746857,0.6681692600250244,1024.0,4096.0,0.00146484375,0.06900131702423096,0.0026235291734337807,0.0,nan,0.0653776079416275,1.0,0.25809288024902344,0.10166527330875397
vae,6d_workspace_sine_surface_pose,1123,0.2329060286283493,0.12061960995197296,0.12061960995197296,0.12966585159301758,0.07763537764549255,0.054701462388038635,0.09289675951004028,0.17820456624031067,0.6457417011260986,1024.0,4096.0,0.0019536019536019536,0.09472766518592834,0.003876454895362258,0.1111111111111111,1.0,0.06659403443336487,1.0,0.2857070565223694,0.12129233032464981
