traj_id,point_id,x,y,z,roll,pitch,yaw,pos_err,ori_err_deg
0,0,-0.346951961517334,0.05263564735651016,0.1270853877067566,0.5430912971496582,-0.015180349349975586,-1.5761510133743286,0.0,0.0
0,1,-0.3218546211719513,0.048461027443408966,0.14244964718818665,0.5477018356323242,-0.013822317123413086,-1.5697466135025024,4.264712333679199e-05,0.19179698824882507
0,2,-0.29722994565963745,0.04393557459115982,0.15820512175559998,0.5530836582183838,-0.0140838623046875,-1.564207673072815,0.0005816072225570679,0.26244261860847473
0,3,-0.2719797194004059,0.038782600313425064,0.1734776645898819,0.5575520992279053,-0.01538538932800293,-1.5594967603683472,7.753074169158936e-05,0.26094719767570496
0,4,-0.2473311871290207,0.03399870544672012,0.18946965038776398,0.5621109008789062,-0.0164186954498291,-1.5544190406799316,0.0005244612693786621,0.28324028849601746
0,5,-0.22208929061889648,0.02875637635588646,0.20508363842964172,0.5659489631652832,-0.017950057983398438,-1.5498430728912354,7.827579975128174e-05,0.26540815830230713
0,6,-0.1973528414964676,0.02400023303925991,0.22127027809619904,0.5694601535797119,-0.01900458335876465,-1.544814944267273,0.0004098266363143921,0.29408594965934753
0,7,-0.17218336462974548,0.01872664876282215,0.23727186024188995,0.5725090503692627,-0.020633220672607422,-1.540357232093811,0.00016738474369049072,0.27124202251434326
0,8,-0.14716148376464844,0.013829585164785385,0.253671795129776,0.5751473903656006,-0.021732091903686523,-1.5353541374206543,0.00032782554626464844,0.29475054144859314
0,9,-0.12180756032466888,0.008851178921759129,0.27024969458580017,0.5773758888244629,-0.02343440055847168,-1.5309507846832275,0.00037044286727905273,0.27124202251434326
0,10,-0.09582308679819107,0.003992417827248573,0.28736960887908936,0.5792036056518555,-0.024658203125,-1.5260645151138306,0.00047639012336730957,0.29006636142730713
0,11,-0.06872819364070892,-0.000664749532006681,0.3052740693092346,0.5806159973144531,-0.026391983032226562,-1.5216774940490723,0.0005833804607391357,0.27124202251434326
0,12,-0.04001817852258682,-0.005068272352218628,0.3242776095867157,0.5815649032592773,-0.027846336364746094,-1.5170027017593384,0.0006839334964752197,0.2783624827861786
0,13,-0.009249131195247173,-0.009266874752938747,0.34463784098625183,0.5819604396820068,-0.029541730880737305,-1.5125715732574463,0.0007571578025817871,0.26979538798332214
0,14,0.023873671889305115,-0.013474182225763798,0.3665117919445038,0.5816750526428223,-0.031148433685302734,-1.5080857276916504,0.0007891058921813965,0.2639295756816864
0,15,0.059432003647089005,-0.01809595339000225,0.3899098038673401,0.5805552005767822,-0.03250002861022949,-1.5034196376800537,0.0007752180099487305,0.26540815830230713
0,16,0.09728033095598221,-0.023676995187997818,0.4146755635738373,0.578444242477417,-0.03382086753845215,-1.4988590478897095,0.0007143616676330566,0.24389326572418213
0,17,0.13701064884662628,-0.030758647248148918,0.440496027469635,0.5752050876617432,-0.034279584884643555,-1.4936312437057495,0.0006414055824279785,0.25178828835487366
0,18,0.17814667522907257,-0.03969169780611992,0.46701452136039734,0.5707299709320068,-0.03471517562866211,-1.4886157512664795,0.0006068944931030273,0.217605859041214
0,19,0.22047559916973114,-0.05047503858804703,0.49386146664619446,0.5649514198303223,-0.03394174575805664,-1.4826539754867554,0.0004849731922149658,0.229850172996521
0,20,0.26324665546417236,-0.06282573193311691,0.5204395055770874,0.5579125881195068,-0.03325366973876953,-1.4770230054855347,0.0002624988555908203,0.19683188199996948
0,21,0.3051407039165497,-0.07633605599403381,0.545892596244812,0.549846887588501,-0.031447410583496094,-1.4704899787902832,1.0609626770019531e-05,0.20747904479503632
0,22,0.3444936275482178,-0.09064517915248871,0.569267213344574,0.541196346282959,-0.0298612117767334,-1.4643466472625732,0.00024086236953735352,0.18557488918304443
0,23,0.37977856397628784,-0.10552839189767838,0.589782178401947,0.5325236320495605,-0.02747058868408203,-1.4574944972991943,0.00033777952194213867,0.20367176830768585
0,24,0.4101579785346985,-0.12088724225759506,0.6070902347564697,0.52433180809021,-0.02536487579345703,-1.4510117769241333,0.00026166439056396484,0.20174117386341095
0,25,0.43579521775245667,-0.13669104874134064,0.621375560760498,0.5168912410736084,-0.022701025009155273,-1.4439752101898193,5.269050598144531e-05,0.22899729013442993
0,26,0.45771169662475586,-0.15292896330356598,0.6332387328147888,0.5101826190948486,-0.020320653915405273,-1.4372973442077637,0.00019538402557373047,0.24469420313835144
0,27,0.4772685468196869,-0.16958725452423096,0.6434275507926941,0.5039877891540527,-0.01741313934326172,-1.4300734996795654,0.00039142370223999023,0.2755363881587982
0,28,0.495613694190979,-0.18664425611495972,0.6525779366493225,0.4980463981628418,-0.014767169952392578,-1.4232540130615234,0.0004968047142028809,0.29208308458328247
0,29,0.5134111046791077,-0.2040858119726181,0.6610784530639648,0.4921741485595703,-0.011535406112670898,-1.4158116579055786,0.0005239248275756836,0.3158990442752838
0,30,0.5308953523635864,-0.22197388112545013,0.669084370136261,0.4862980842590332,-0.008496284484863281,-1.408787727355957,0.0005062222480773926,0.3322024643421173
0,31,0.5480680465698242,-0.24057205021381378,0.6765931844711304,0.48043370246887207,-0.004825592041015625,-1.4011116027832031,0.00046646595001220703,0.35277020931243896
0,32,0.564856231212616,-0.26043379306793213,0.6835207939147949,0.47464728355407715,-0.0010304450988769531,-1.3936424255371094,0.0004171133041381836,0.37009432911872864
0,33,0.5811840295791626,-0.2822968363761902,0.6897462010383606,0.4690265655517578,0.0035402774810791016,-1.38554048538208,0.0003662705421447754,0.3866429924964905
0,34,0.5969857573509216,-0.3067569434642792,0.6951488256454468,0.46365928649902344,0.008651494979858398,-1.3773151636123657,0.00032401084899902344,0.401050865650177
0,35,0.6121913194656372,-0.3339117169380188,0.6996374726295471,0.458620548248291,0.01452493667602539,-1.3685904741287231,0.0002970099449157715,0.41637101769447327
0,36,0.6267058253288269,-0.3632354140281677,0.7031753659248352,0.4539663791656494,0.020863771438598633,-1.3596959114074707,0.00028783082962036133,0.42887189984321594
0,37,0.6404010057449341,-0.393772155046463,0.7057825922966003,0.4497358798980713,0.027492761611938477,-1.3506234884262085,0.0002943873405456543,0.4383484423160553
0,38,0.6531508564949036,-0.42450249195098877,0.7075326442718506,0.44594693183898926,0.034090280532836914,-1.341597318649292,0.000317990779876709,0.44718706607818604
0,39,0.6649187803268433,-0.4546620845794678,0.7085455656051636,0.4425785541534424,0.04047822952270508,-1.3326764106750488,0.0003609657287597656,0.454134076833725
0,40,0.6758514046669006,-0.48387935757637024,0.7089857459068298,0.4395458698272705,0.046544790267944336,-1.323930025100708,0.0004215836524963379,0.45927539467811584
0,41,0.6863007545471191,-0.512130856513977,0.7090489864349365,0.43669724464416504,0.052312612533569336,-1.3153332471847534,0.0004894137382507324,0.4647810161113739
0,42,0.6967378258705139,-0.5396186709403992,0.7089335322380066,0.4338390827178955,0.05785322189331055,-1.3068441152572632,0.0005533695220947266,0.4689721167087555
0,43,0.7075908184051514,-0.5664783716201782,0.7088060975074768,0.4307889938354492,0.0632474422454834,-1.2984102964401245,0.0005968213081359863,0.4689721167087555
0,44,0.7191099524497986,-0.5927379131317139,0.7087694406509399,0.42742466926574707,0.06854629516601562,-1.2899993658065796,0.0006107091903686523,0.46855467557907104
0,45,0.7313401103019714,-0.6184605360031128,0.7088399529457092,0.4237089157104492,0.07378482818603516,-1.2815897464752197,0.0006027817726135254,0.4647810161113739
0,46,0.7441726326942444,-0.6437371373176575,0.7089642286300659,0.4196755886077881,0.07898402214050293,-1.273173213005066,0.0005851984024047852,0.45927539467811584
0,47,0.7574281096458435,-0.6686837077140808,0.7090533971786499,0.41539835929870605,0.08415865898132324,-1.2647473812103271,0.0005698204040527344,0.454134076833725
0,48,0.7709299325942993,-0.6934202313423157,0.7090184688568115,0.41095805168151855,0.08931708335876465,-1.256314992904663,0.0005661249160766602,0.4467492699623108
0,49,0.7845533490180969,-0.7180400490760803,0.7087948322296143,0.40641236305236816,0.09446477890014648,-1.2478771209716797,0.0005795955657958984,0.4392402768135071
0,50,0.7982707619667053,-0.7425682544708252,0.708355724811554,0.40178632736206055,0.09960222244262695,-1.2394369840621948,0.0005988478660583496,0.43114712834358215
0,51,0.8120644092559814,-0.7670111656188965,0.707693338394165,0.39708662033081055,0.10473012924194336,-1.230992078781128,0.000622868537902832,0.42197269201278687
0,52,0.8259375095367432,-0.7913714647293091,0.7068058848381042,0.392315149307251,0.10984492301940918,-1.222548484802246,0.0006477236747741699,0.4121197760105133
0,53,0.8398737907409668,-0.8156497478485107,0.7056933641433716,0.38747167587280273,0.11494946479797363,-1.2140965461730957,0.0006778240203857422,0.40056267380714417
0,54,0.8538826107978821,-0.8398480415344238,0.7043555378913879,0.3825564384460449,0.12003660202026367,-1.2056514024734497,0.000708460807800293,0.3876538574695587
0,55,0.8679420351982117,-0.8639658093452454,0.7027928829193115,0.37756896018981934,0.12511491775512695,-1.1971925497055054,0.0007455348968505859,0.3748224973678589
0,56,0.8820679783821106,-0.8880065679550171,0.7010053396224976,0.3725104331970215,0.13017058372497559,-1.1887450218200684,0.0007827281951904297,0.36153605580329895
0,57,0.8962336778640747,-0.9119693636894226,0.6989936828613281,0.36737966537475586,0.13521742820739746,-1.1802808046340942,0.0008270740509033203,0.34717920422554016
0,58,0.9104598760604858,-0.9358583688735962,0.696757972240448,0.3621788024902344,0.14023852348327637,-1.1718289852142334,0.0008710026741027832,0.33161288499832153
0,59,0.9247137904167175,-0.959672212600708,0.6942993402481079,0.3569059371948242,0.14525151252746582,-1.1633589267730713,0.00092315673828125,0.31651782989501953
0,60,0.9390233159065247,-0.9834165573120117,0.6916179060935974,0.3515646457672119,0.15023422241210938,-1.1549019813537598,0.0009743571281433105,0.30066588521003723
0,61,0.9533513784408569,-1.0070874691009521,0.6887151598930359,0.34615135192871094,0.1552107334136963,-1.1464260816574097,0.0010333657264709473,0.28599026799201965
0,62,0.9677267074584961,-1.0306940078735352,0.6855918765068054,0.34067225456237793,0.1601543426513672,-1.1379621028900146,0.0010928511619567871,0.26979538798332214
0,63,0.9821150898933411,-1.0542281866073608,0.6822494864463806,0.33511996269226074,0.16509103775024414,-1.1294801235198975,0.0011583566665649414,0.25487783551216125
0,64,0.9965413808822632,-1.0777033567428589,0.6786904335021973,0.32950615882873535,0.16999387741088867,-1.1210081577301025,0.0012270808219909668,0.24066270887851715
0,65,1.0109736919403076,-1.1011080741882324,0.6749171614646912,0.32381105422973633,0.17488479614257812,-1.1125197410583496,0.0013027787208557129,0.22814121842384338
0,66,1.0254336595535278,-1.1244581937789917,0.6709326505661011,0.3180551528930664,0.17974042892456055,-1.1040401458740234,0.001385331153869629,0.21489134430885315
0,67,1.0399233102798462,-1.1477199792861938,0.6666991710662842,0.31227922439575195,0.18462872505187988,-1.0955426692962646,0.0014229416847229004,0.19979193806648254
0,68,1.0546258687973022,-1.1707972288131714,0.662035346031189,0.3068559169769287,0.1897907257080078,-1.087031602859497,0.0011638998985290527,0.15195107460021973
0,69,1.0699385404586792,-1.1934155225753784,0.6564942002296448,0.30268311500549316,0.195906400680542,-1.0784521102905273,0.0,0.01978234015405178
1,0,0.19148866832256317,0.4839782416820526,0.4350760579109192,-0.530555009841919,0.2602956295013428,1.7360212802886963,0.0,0.0
1,1,0.16897694766521454,0.46081647276878357,0.4219508767127991,-0.5359086990356445,0.2680056095123291,1.7531936168670654,0.0023026466369628906,0.37220317125320435
1,2,0.14492222666740417,0.43852582573890686,0.40998542308807373,-0.5368130207061768,0.27270054817199707,1.770909070968628,0.002064347267150879,0.4524073302745819
1,3,0.12145156413316727,0.4160851538181305,0.39732691645622253,-0.5361111164093018,0.2765965461730957,1.7886269092559814,0.002685040235519409,0.4562833309173584
1,4,0.09713464975357056,0.3940032720565796,0.38533416390419006,-0.5348241329193115,0.28000855445861816,1.806487798690796,0.0018125176429748535,0.4374547600746155
1,5,0.07380744069814682,0.3715941905975342,0.3724028766155243,-0.5332460403442383,0.28347086906433105,1.8242161273956299,0.002358764410018921,0.4279584586620331
1,6,0.04963728412985802,0.3494953513145447,0.3600192964076996,-0.531334400177002,0.28658223152160645,1.8420789241790771,0.0015629231929779053,0.4130682945251465
1,7,0.02636753022670746,0.32712769508361816,0.346978098154068,-0.5291159152984619,0.28969407081604004,1.8598225116729736,0.00186079740524292,0.40445172786712646
1,8,0.002551107434555888,0.30501073598861694,0.3341391086578369,-0.526604413986206,0.2924618721008301,1.877709150314331,0.001389920711517334,0.39712849259376526
1,9,-0.02080180123448372,0.28271692991256714,0.3210102617740631,-0.5237846374511719,0.29517388343811035,1.8954994678497314,0.001367330551147461,0.38866204023361206
1,10,-0.044283427298069,0.26059690117836,0.3078537881374359,-0.5207059383392334,0.29757237434387207,1.9134242534637451,0.0011156201362609863,0.38714876770973206
1,11,-0.06759954243898392,0.23838359117507935,0.29456403851509094,-0.5173425674438477,0.29985475540161133,1.931290864944458,0.0009714961051940918,0.38410428166389465
1,12,-0.09087968617677689,0.2162863314151764,0.28119581937789917,-0.5137379169464111,0.30185890197753906,1.949268102645874,0.0007877945899963379,0.38714876770973206
1,13,-0.11407498270273209,0.19415506720542908,0.2677397131919861,-0.5098776817321777,0.3036925792694092,1.9672319889068604,0.0006296038627624512,0.3891651928424835
1,14,-0.13720498979091644,0.1721019297838211,0.25421077013015747,-0.5057895183563232,0.30527377128601074,1.985281229019165,0.00047194957733154297,0.39614182710647583
1,15,-0.1602652668952942,0.15005506575107574,0.24061495065689087,-0.5014727115631104,0.30664682388305664,2.0033533573150635,0.00032776594161987305,0.40445172786712646
1,16,-0.18325963616371155,0.12806467711925507,0.22696185111999512,-0.49694371223449707,0.30777907371520996,2.0214970111846924,0.00019313395023345947,0.414014607667923
1,17,-0.20618945360183716,0.1061030924320221,0.21325968205928802,-0.4922060966491699,0.3086824417114258,2.0396831035614014,7.128715515136719e-05,0.4242849051952362
1,18,-0.22905723750591278,0.0841926634311676,0.1995171755552292,-0.4872739315032959,0.3093435764312744,2.0579421520233154,3.8251280784606934e-05,0.4347626864910126
1,19,-0.251865416765213,0.06232514977455139,0.18574246764183044,-0.4821476936340332,0.3097689151763916,2.076245069503784,0.00013393163681030273,0.4454333484172821
1,20,-0.2746185064315796,0.040531713515520096,0.17194224894046783,-0.47684216499328613,0.3099510669708252,2.0946309566497803,0.0002151578664779663,0.456712007522583
1,21,-0.29732832312583923,0.018875861540436745,0.15811891853809357,-0.47133827209472656,0.30991053581237793,2.1130402088165283,0.0002808421850204468,0.4656222462654114
1,22,-0.32001999020576477,-0.0025168173015117645,0.144270658493042,-0.46564579010009766,0.30965185165405273,2.1315228939056396,0.00033169984817504883,0.4747775197029114
1,23,-0.3427295982837677,-0.02351776510477066,0.13039353489875793,-0.45972466468811035,0.30919671058654785,2.1500065326690674,0.000368654727935791,0.48132649064064026
1,24,-0.36549878120422363,-0.0440509170293808,0.11648483574390411,-0.45357823371887207,0.3085365295410156,2.1685268878936768,0.0003934502601623535,0.4861803650856018
1,25,-0.38836124539375305,-0.06414880603551865,0.10254842042922974,-0.4472033977508545,0.307647705078125,2.187095880508423,0.00040881335735321045,0.49058759212493896
1,26,-0.41132310032844543,-0.08397927135229111,0.08860167860984802,-0.44060730934143066,0.30649447441101074,2.2056691646575928,0.00041878223419189453,0.49178266525268555
1,27,-0.4343399107456207,-0.10381880402565002,0.07468235492706299,-0.4338843822479248,0.3050048351287842,2.2244465351104736,0.0004273056983947754,0.49456003308296204
1,28,-0.45730021595954895,-0.1239793673157692,0.06085343658924103,-0.42704129219055176,0.30317139625549316,2.2431929111480713,0.0004363507032394409,0.4873863160610199
1,29,-0.48002687096595764,-0.14473459124565125,0.04719812050461769,-0.4202861785888672,0.3009331226348877,2.262342691421509,0.00044310465455055237,0.4877876043319702
1,30,-0.5023031830787659,-0.16630913317203522,0.0338052473962307,-0.4135856628417969,0.29836535453796387,2.281386613845825,0.00044118985533714294,0.47146889567375183
1,31,-0.5239174365997314,-0.1889619678258896,0.020739443600177765,-0.40726447105407715,0.2954103946685791,2.3010261058807373,0.0004215613007545471,0.4689721167087555
1,32,-0.5447068810462952,-0.21311932802200317,0.008014506660401821,-0.40123605728149414,0.2921574115753174,2.3204948902130127,0.00038061197847127914,0.4480612874031067
1,33,-0.5645759105682373,-0.23943692445755005,-0.004425096325576305,-0.39598560333251953,0.28847217559814453,2.340808629989624,0.00032196659594774246,0.4445539116859436
1,34,-0.5834758877754211,-0.26867663860321045,-0.016688162460923195,-0.3913261890411377,0.2844414710998535,2.360931634902954,0.0002605076879262924,0.4159007966518402
1,35,-0.6013579368591309,-0.3013991713523865,-0.028898201882839203,-0.3878788948059082,0.27995848655700684,2.3821632862091064,0.00021395832300186157,0.4106929302215576
1,36,-0.6181219816207886,-0.3376387655735016,-0.04112963750958443,-0.3851299285888672,0.27530789375305176,2.4030048847198486,0.00019867345690727234,0.37325307726860046
1,37,-0.6335932612419128,-0.376778781414032,-0.053368955850601196,-0.38378310203552246,0.27057361602783203,2.4250328540802,0.00021308660507202148,0.37167707085609436
1,38,-0.6475508809089661,-0.41773077845573425,-0.0655066967010498,-0.3827638626098633,0.26627039909362793,2.446110963821411,0.00024205446243286133,0.3345502018928528
1,39,-0.6598139405250549,-0.45930612087249756,-0.07740015536546707,-0.3830993175506592,0.26247572898864746,2.4683568477630615,0.00025524944067001343,0.34434962272644043
1,40,-0.6703605055809021,-0.5005747079849243,-0.08895034343004227,-0.3830277919769287,0.25962066650390625,2.4889976978302,0.00023274868726730347,0.31278666853904724
1,41,-0.6794255971908569,-0.5410342812538147,-0.10018835216760635,-0.3843822479248047,0.25745511054992676,2.5109469890594482,0.00016620010137557983,0.33043068647384644
1,42,-0.6874987483024597,-0.580599308013916,-0.11126428097486496,-0.3843719959259033,0.25612521171569824,2.530930757522583,8.956342935562134e-05,0.30325788259506226
1,43,-0.695215106010437,-0.6192594170570374,-0.12239538133144379,-0.38595032691955566,0.2551236152648926,2.552520990371704,3.577768802642822e-05,0.32020553946495056
1,44,-0.7031581997871399,-0.6567591428756714,-0.133731871843338,-0.3853759765625,0.2545156478881836,2.5720884799957275,1.8924474716186523e-05,0.31153300404548645
1,45,-0.7116829752922058,-0.6929337978363037,-0.1453535556793213,-0.38640522956848145,0.25385022163391113,2.5933878421783447,2.5093555450439453e-05,0.3256588280200958
1,46,-0.7208773493766785,-0.727812647819519,-0.15724921226501465,-0.3849024772644043,0.25333189964294434,2.61261248588562,5.111098289489746e-05,0.342069149017334
1,47,-0.7306287884712219,-0.7615949511528015,-0.16939042508602142,-0.3852393627166748,0.2525961399078369,2.6338627338409424,6.873905658721924e-05,0.34149664640426636
1,48,-0.7407278418540955,-0.7946522235870361,-0.18167531490325928,-0.38305115699768066,0.2520408630371094,2.652836561203003,0.0001373589038848877,0.37430012226104736
1,49,-0.750938355922699,-0.8266584873199463,-0.19431628286838531,-0.3830373287200928,0.2512342929840088,2.6741106510162354,0.00016996264457702637,0.3505445122718811
1,50,-0.7612557411193848,-0.8603588938713074,-0.20665466785430908,-0.38057374954223633,0.2507650852203369,2.6929056644439697,0.0004956424236297607,0.40493524074554443
1,51,-0.7713636755943298,-0.8916057348251343,-0.21973535418510437,-0.38041043281555176,0.24999594688415527,2.7141454219818115,0.00014053285121917725,0.35277020931243896
1,52,-0.7817226052284241,-0.9251855611801147,-0.2321668118238449,-0.3778517246246338,0.24959158897399902,2.732940912246704,0.0007721185684204102,0.41495874524116516
1,53,-0.7916088104248047,-0.9562691450119019,-0.24579812586307526,-0.37752628326416016,0.24884366989135742,2.7540934085845947,0.00024209916591644287,0.34149664640426636
1,54,-0.8021291494369507,-0.9897741079330444,-0.25801053643226624,-0.3749067783355713,0.2485213279724121,2.772841691970825,0.0012417733669281006,0.41021621227264404
1,55,-0.8116058707237244,-1.020787000656128,-0.27219873666763306,-0.374403715133667,0.24769854545593262,2.7939846515655518,0.00023740530014038086,0.30582791566848755
1,56,-0.8224456906318665,-1.0542089939117432,-0.2843163311481476,-0.3716871738433838,0.2475285530090332,2.8126728534698486,0.0017003118991851807,0.3891651928424835
1,57,-0.8314420580863953,-1.0851565599441528,-0.29881012439727783,-0.3710596561431885,0.24646353721618652,2.8338425159454346,4.762411117553711e-05,0.2486603558063507
1,58,-0.8425866961479187,-1.118510365486145,-0.3109470307826996,-0.36816978454589844,0.24656963348388672,2.8524487018585205,0.0021752119064331055,0.3516591191291809
1,59,-0.8512043952941895,-1.149398922920227,-0.32556331157684326,-0.3674941062927246,0.24506497383117676,2.8736631870269775,0.0003490447998046875,0.1724584996700287
1,60,-0.8624647855758667,-1.1827336549758911,-0.3377807140350342,-0.36436939239501953,0.24552059173583984,2.8922197818756104,0.0026932060718536377,0.2893909811973572
1,61,-0.8709352016448975,-1.2135367393493652,-0.3524590730667114,-0.36368250846862793,0.24361610412597656,2.91345477104187,0.000885307788848877,0.10087054967880249
1,62,-0.8821141123771667,-1.2469019889831543,-0.36466944217681885,-0.36032867431640625,0.24415850639343262,2.931999444961548,0.00334089994430542,0.20174117386341095
1,63,-0.8905414938926697,-1.2776225805282593,-0.37941715121269226,-0.35960984230041504,0.24210453033447266,2.953247308731079,0.001538991928100586,0.1312212198972702
1,64,-0.9016344547271729,-1.3110326528549194,-0.39156705141067505,-0.35607147216796875,0.24254822731018066,2.9718105792999268,0.004119008779525757,0.1312212198972702
1,65,-0.9099573493003845,-1.3417072296142578,-0.4063006043434143,-0.3552894592285156,0.24031376838684082,2.9930574893951416,0.0023573637008666992,0.266878604888916
1,66,-0.9210209846496582,-1.37515389919281,-0.41836339235305786,-0.35164475440979004,0.2406620979309082,3.0116798877716064,0.00505867600440979,0.19979193806648254
1,67,-0.9293212294578552,-1.405791997909546,-0.4331861436367035,-0.35068416595458984,0.23844122886657715,3.032949686050415,0.003219902515411377,0.4320538341999054
1,68,-0.9406815767288208,-1.438913345336914,-0.4463418424129486,-0.34632229804992676,0.23970985412597656,3.0509846210479736,0.004781752824783325,0.27411240339279175
1,69,-0.951935887336731,-1.4690041542053223,-0.4647148549556732,-0.3421337604522705,0.24358487129211426,3.0697548389434814,0.0,0.0
2,0,1.6235977411270142,-1.9242312908172607,0.3901268243789673,0.06462597846984863,0.3828089237213135,-0.761589765548706,0.0,0.0
2,1,1.593530535697937,-1.9183355569839478,0.40153443813323975,0.07045483589172363,0.36855244636535645,-0.7834877967834473,0.0024889111518859863,0.14935342967510223
2,2,1.5633171796798706,-1.9121780395507812,0.41080039739608765,0.07808041572570801,0.35571765899658203,-0.8062036037445068,0.0033913254737854004,0.20935672521591187
2,3,1.5325204133987427,-1.905333399772644,0.41866233944892883,0.08620285987854004,0.34383511543273926,-0.828693151473999,0.003245413303375244,0.2373882532119751
2,4,1.5021878480911255,-1.8985865116119385,0.42580270767211914,0.09576129913330078,0.33235716819763184,-0.8520128726959229,0.0031994879245758057,0.24066270887851715
2,5,1.471706509590149,-1.8915413618087769,0.4322613775730133,0.10550975799560547,0.32137584686279297,-0.8749353885650635,0.0030577480792999268,0.2616959810256958
2,6,1.4414247274398804,-1.8843955993652344,0.4380635917186737,0.1164250373840332,0.3109290599822998,-0.8986685276031494,0.0029632151126861572,0.2571706473827362
2,7,1.411102294921875,-1.8770731687545776,0.44321149587631226,0.1277012825012207,0.3010673522949219,-0.9219250679016113,0.0028636157512664795,0.25944316387176514
2,8,1.3808183670043945,-1.8695918321609497,0.44770699739456177,0.13970565795898438,0.29182934761047363,-0.945767879486084,0.002777695655822754,0.25564438104629517
2,9,1.3504893779754639,-1.8619393110275269,0.4515521228313446,0.1521928310394287,0.283252477645874,-0.9693706035614014,0.002700299024581909,0.2510099411010742
2,10,1.320107102394104,-1.8541094064712524,0.4547463059425354,0.1651780605316162,0.2753615379333496,-0.9931440353393555,0.002633512020111084,0.24628834426403046
2,11,1.2896349430084229,-1.8460942506790161,0.4572872817516327,0.1785898208618164,0.26818180084228516,-1.0168588161468506,0.002577453851699829,0.24066270887851715
2,12,1.2590479850769043,-1.8378840684890747,0.45917099714279175,0.19238638877868652,0.2617321014404297,-1.040553331375122,0.002531886100769043,0.23821108043193817
2,13,1.2283203601837158,-1.8294689655303955,0.4603919982910156,0.20652174949645996,0.256028413772583,-1.064176082611084,0.0024966001510620117,0.2365625500679016
2,14,1.1974270343780518,-1.8208394050598145,0.46094372868537903,0.22095322608947754,0.2510831356048584,-1.0877020359039307,0.0024716854095458984,0.23821108043193817
2,15,1.1663446426391602,-1.8119845390319824,0.46081817150115967,0.23563838005065918,0.24690485000610352,-1.1111009120941162,0.0024567842483520508,0.24228335916996002
2,16,1.1350499391555786,-1.802894115447998,0.46000614762306213,0.2505359649658203,0.2434992790222168,-1.1343438625335693,0.002451568841934204,0.24944601953029633
2,17,1.1035202741622925,-1.793558120727539,0.4584972560405731,0.26560306549072266,0.24086880683898926,-1.15740168094635,0.0024555325508117676,0.25487783551216125
2,18,1.0717332363128662,-1.783966302871704,0.4562798738479614,0.2807948589324951,0.2390129566192627,-1.1802451610565186,0.002467811107635498,0.26244261860847473
2,19,1.039666771888733,-1.7741098403930664,0.45334112644195557,0.2960648536682129,0.23792743682861328,-1.2028454542160034,0.0024877190589904785,0.266878604888916
2,20,1.0072979927062988,-1.763980507850647,0.44966691732406616,0.31136345863342285,0.23760485649108887,-1.225172519683838,0.0025144219398498535,0.2705196738243103
2,21,0.9746058583259583,-1.7535709142684937,0.44524213671684265,0.32663726806640625,0.23803305625915527,-1.2471970319747925,0.002546370029449463,0.2690691649913788
2,22,0.9415690302848816,-1.7428759336471558,0.44005101919174194,0.341829776763916,0.2391965389251709,-1.2688895463943481,0.0025828778743743896,0.2631871700286865
2,23,0.9081683158874512,-1.7318915128707886,0.4340774118900299,0.35688090324401855,0.2410750389099121,-1.2902203798294067,0.0026227235794067383,0.25564438104629517
2,24,0.8743865489959717,-1.7206157445907593,0.42730557918548584,0.37172675132751465,0.24364280700683594,-1.3111605644226074,0.002665191888809204,0.24228335916996002
2,25,0.8402096033096313,-1.7090487480163574,0.41972050070762634,0.38630032539367676,0.24686956405639648,-1.3316816091537476,0.0027094781398773193,0.2255535125732422
2,26,0.8056266903877258,-1.6971932649612427,0.41130897402763367,0.40053296089172363,0.2507190704345703,-1.3517570495605469,0.002755284309387207,0.20558421313762665
2,27,0.7706322073936462,-1.6850544214248657,0.4020601511001587,0.4143543243408203,0.25514984130859375,-1.3713610172271729,0.0028019845485687256,0.18130820989608765
2,28,0.7352246642112732,-1.6726404428482056,0.3919667601585388,0.42769408226013184,0.2601149082183838,-1.3904706239700317,0.002849966287612915,0.1557663530111313
2,29,0.6994079351425171,-1.659961462020874,0.3810257315635681,0.44048285484313965,0.2655618190765381,-1.4090652465820312,0.002899378538131714,0.12820424139499664
2,30,0.6631950736045837,-1.6470308303833008,0.36923912167549133,0.4526541233062744,0.2714347839355469,-1.4271271228790283,0.002949237823486328,0.10467831790447235
2,31,0.6265853047370911,-1.633864164352417,0.3566151559352875,0.464144229888916,0.27767324447631836,-1.4446426630020142,0.003008037805557251,0.07661667466163635
2,32,0.5896719694137573,-1.6204783916473389,0.34316733479499817,0.4748959541320801,0.28421473503112793,-1.461600661277771,0.003039747476577759,0.048456642776727676
2,33,0.5522979497909546,-1.6068923473358154,0.32891663908958435,0.48485803604125977,0.29099416732788086,-1.4779932498931885,0.0031363368034362793,0.03956468030810356
2,34,0.5147717595100403,-1.593119740486145,0.31388479471206665,0.49399256706237793,0.297945499420166,-1.4938167333602905,0.0031466782093048096,0.0
2,35,0.47682496905326843,-1.5791760683059692,0.29810279607772827,0.5022695064544678,0.30500340461730957,-1.5090687274932861,0.003224670886993408,0.01978234015405178
2,36,0.43865129351615906,-1.5650701522827148,0.2815997302532196,0.5096690654754639,0.3121051788330078,-1.52375328540802,0.003271162509918213,0.02797645330429077
2,37,0.40017563104629517,-1.5508124828338623,0.26440614461898804,0.5161762237548828,0.31919145584106445,-1.5378788709640503,0.0033308863639831543,0.04423465579748154
2,38,0.36142462491989136,-1.5364141464233398,0.24655579030513763,0.5217797756195068,0.32620692253112793,-1.5514585971832275,0.0033925026655197144,0.05233915150165558
2,39,0.322417676448822,-1.521890640258789,0.22808893024921417,0.5264694690704346,0.3330998420715332,-1.5645077228546143,0.0034524649381637573,0.05934702232480049
2,40,0.28317365050315857,-1.5072590112686157,0.20904852449893951,0.5302388668060303,0.33982300758361816,-1.5770457983016968,0.003506869077682495,0.06852804124355316
2,41,0.2437010258436203,-1.4925397634506226,0.18947690725326538,0.533085823059082,0.34633421897888184,-1.589093565940857,0.0035551786422729492,0.06852804124355316
2,42,0.2040165811777115,-1.4777637720108032,0.16940432786941528,0.5350086688995361,0.35259413719177246,-1.6006743907928467,0.0035800039768218994,0.07912936806678772
2,43,0.16408297419548035,-1.462998390197754,0.14879539608955383,0.5360109806060791,0.35857105255126953,-1.611812710762024,0.003542780876159668,0.07401873916387558
2,44,0.12366247922182083,-1.4484304189682007,0.1274997889995575,0.5360932350158691,0.3642387390136719,-1.6225312948226929,0.003460504114627838,0.07401873916387558
2,45,0.08249139785766602,-1.4343667030334473,0.10532303899526596,0.5352375507354736,0.36957406997680664,-1.63284432888031,0.0033652111887931824,0.07401873916387558
2,46,0.0403851754963398,-1.4211703538894653,0.08210878074169159,0.5333993434906006,0.37455272674560547,-1.6427561044692993,0.003291092813014984,0.06852804124355316
2,47,-0.0027048492338508368,-1.4091157913208008,0.057818323373794556,0.5305132865905762,0.3791494369506836,-1.652264952659607,0.003261551260948181,0.06852804124355316
2,48,-0.04669960215687752,-1.398195505142212,0.032583028078079224,0.5265064239501953,0.38330602645874023,-1.6613713502883911,0.0032778531312942505,0.06255725026130676
2,49,-0.09144595265388489,-1.3879939317703247,0.006701337173581123,0.5213088989257812,0.3870418071746826,-1.670080304145813,0.003309512510895729,0.05595290660858154
2,50,-0.1367729753255844,-1.3777492046356201,-0.019429156556725502,0.5148556232452393,0.39005064964294434,-1.6784119606018066,0.0032886695116758347,0.048456642776727676
2,51,-0.18273930251598358,-1.3666335344314575,-0.04542523995041847,0.5070862770080566,0.3928558826446533,-1.686370611190796,0.00325683131814003,0.03956468030810356
2,52,-0.22917349636554718,-1.354114055633545,-0.07086892426013947,0.4979686737060547,0.3942687511444092,-1.6939994096755981,0.0032395049929618835,0.05595290660858154
2,53,-0.2754674553871155,-1.3400671482086182,-0.09523559361696243,0.4875671863555908,0.3958446979522705,-1.7012957334518433,0.0032393261790275574,0.05233915150165558
2,54,-0.32062870264053345,-1.3246300220489502,-0.11790267378091812,0.4760763645172119,0.3958892822265625,-1.7083532810211182,0.0032390132546424866,0.09278740733861923
2,55,-0.36349618434906006,-1.3079502582550049,-0.1382267028093338,0.4638369083404541,0.3961770534515381,-1.7152200937271118,0.003204643726348877,0.10087054967880249
2,56,-0.4030417501926422,-1.2900002002716064,-0.15565669536590576,0.4512667655944824,0.395296573638916,-1.7220479249954224,0.0031086206436157227,0.15065784752368927
2,57,-0.4386212229728699,-1.2705323696136475,-0.16984552145004272,0.4387843608856201,0.3946964740753174,-1.7289220094680786,0.002941429615020752,0.17358939349651337
2,58,-0.47006097435951233,-1.2491627931594849,-0.18068502843379974,0.42671847343444824,0.393352746963501,-1.7359834909439087,0.0027221590280532837,0.21939688920974731
2,59,-0.4975651800632477,-1.2255232334136963,-0.1882966309785843,0.4152843952178955,0.3920927047729492,-1.7432920932769775,0.002470359206199646,0.25178828835487366
2,60,-0.52153480052948,-1.1994150876998901,-0.1929311454296112,0.4045908451080322,0.39044809341430664,-1.750920057296753,0.0022317171096801758,0.2893909811973572
2,61,-0.5424178838729858,-1.1708946228027344,-0.1950429528951645,0.39467644691467285,0.38846755027770996,-1.7588986158370972,0.0019394010305404663,0.3256588280200958
2,62,-0.5606550574302673,-1.1402643918991089,-0.19484774768352509,0.3855271339416504,0.3864774703979492,-1.767214298248291,0.0018203556537628174,0.34998586773872375
2,63,-0.5766942501068115,-1.107986330986023,-0.19325610995292664,0.3770885467529297,0.38374948501586914,-1.7759088277816772,0.0014385581016540527,0.3891651928424835
2,64,-0.5910125970840454,-1.0745643377304077,-0.19007202982902527,0.36925554275512695,0.3813052177429199,-1.7848467826843262,0.0014687031507492065,0.40348297357559204
2,65,-0.6040983200073242,-1.0404460430145264,-0.18650324642658234,0.3619077205657959,0.37789011001586914,-1.7942020893096924,0.0011450648307800293,0.44101861119270325
2,66,-0.6164082884788513,-1.0059692859649658,-0.1821114867925644,0.3548595905303955,0.37480854988098145,-1.8034740686416626,0.0012765079736709595,0.454134076833725
2,67,-0.6283626556396484,-0.9713188409805298,-0.17801763117313385,0.34833645820617676,0.3709127902984619,-1.8135108947753906,0.001030653715133667,0.4689721167087555
2,68,-0.6404308080673218,-0.936388373374939,-0.17392216622829437,0.34249329566955566,0.3683645725250244,-1.82294762134552,0.0009209662675857544,0.3891651928424835
2,69,-0.6539278030395508,-0.9008122086524963,-0.17130160331726074,0.34056639671325684,0.368452787399292,-1.8331745862960815,0.0,0.0
